Unity Editor version:    6000.0.30f1 (62b05ba0686a)
Branch:                  6000.0/staging
Build type:              Release
Batch mode:              YES
macOS version:           Version 15.3.1 (Build 24D70)
Darwin version:          24.3.0
Architecture:            arm64
Running under Rosetta:   NO
Available memory:        18432 MB
Using pre-set license
Pro License: YES

COMMAND LINE ARGUMENTS:
/Applications/Unity/Hub/Editor/6000.0.30f1/Unity.app/Contents/MacOS/Unity
-adb2
-batchMode
-noUpm
-name
AssetImportWorker1
-projectPath
/Users/saoudmessaoudi/Documents/github/376-GAME-PROJECT
-logFile
Logs/AssetImportWorker1.log
-srvPort
55476
-job-worker-count
5
-background-job-worker-count
8
-asset-garbage-collectors
1
Successfully changed project path to: /Users/saoudmessaoudi/Documents/github/376-GAME-PROJECT
/Users/saoudmessaoudi/Documents/github/376-GAME-PROJECT
[UnityMemory] Configuration Parameters - Can be set up in boot.config
    "memorysetup-bucket-allocator-granularity=16"
    "memorysetup-bucket-allocator-bucket-count=8"
    "memorysetup-bucket-allocator-block-size=33554432"
    "memorysetup-bucket-allocator-block-count=8"
    "memorysetup-main-allocator-block-size=16777216"
    "memorysetup-thread-allocator-block-size=16777216"
    "memorysetup-gfx-main-allocator-block-size=16777216"
    "memorysetup-gfx-thread-allocator-block-size=16777216"
    "memorysetup-cache-allocator-block-size=4194304"
    "memorysetup-typetree-allocator-block-size=2097152"
    "memorysetup-profiler-bucket-allocator-granularity=16"
    "memorysetup-profiler-bucket-allocator-bucket-count=8"
    "memorysetup-profiler-bucket-allocator-block-size=33554432"
    "memorysetup-profiler-bucket-allocator-block-count=8"
    "memorysetup-profiler-allocator-block-size=16777216"
    "memorysetup-profiler-editor-allocator-block-size=1048576"
    "memorysetup-temp-allocator-size-main=16777216"
    "memorysetup-job-temp-allocator-block-size=2097152"
    "memorysetup-job-temp-allocator-block-size-background=1048576"
    "memorysetup-job-temp-allocator-reduction-small-platforms=262144"
    "memorysetup-allocator-temp-initial-block-size-main=262144"
    "memorysetup-allocator-temp-initial-block-size-worker=262144"
    "memorysetup-temp-allocator-size-background-worker=32768"
    "memorysetup-temp-allocator-size-job-worker=262144"
    "memorysetup-temp-allocator-size-preload-manager=33554432"
    "memorysetup-temp-allocator-size-nav-mesh-worker=65536"
    "memorysetup-temp-allocator-size-audio-worker=65536"
    "memorysetup-temp-allocator-size-cloud-worker=32768"
    "memorysetup-temp-allocator-size-gi-baking-worker=262144"
    "memorysetup-temp-allocator-size-gi-baking-worker=262144"
    "memorysetup-temp-allocator-size-gi-baking-worker=262144"
    "memorysetup-temp-allocator-size-gi-baking-worker=262144"
    "memorysetup-temp-allocator-size-gi-baking-worker=262144"
    "memorysetup-temp-allocator-size-gfx=262144"
Player connection [8702101568]  Target information:

Player connection [8702101568]  * "[IP] 172.30.103.195 [Port] 0 [Flags] 2 [Guid] 169032550 [EditorId] 169032550 [Version] 1048832 [Id] OSXEditor(0,dhcp-172-30-103-195.wireless.concordia.ca) [Debug] 1 [PackageName] OSXEditor [ProjectName] Editor" 

Player connection [8702101568] Host joined multi-casting on [225.0.0.222:54997]...
Player connection [8702101568] Host joined alternative multi-casting on [225.0.0.222:34997]...
JobSystem: Creating JobQueue using job-worker-count value 5
[Physics::Module] Initialized fallback backend.
[Physics::Module] Id: 0xdecafbad
Library Redirect Path: Library/
[Physics::Module] Selected backend.
[Physics::Module] Name: PhysX
[Physics::Module] Id: 0xf2b8ea05
[Physics::Module] SDK Version: 4.1.2
[Physics::Module] Integration Version: 1.0.0
[Physics::Module] Threading Mode: Multi-Threaded
Refreshing native plugins compatible for Editor in 0.85 ms, found 2 plugins.
Preloading 0 native plugins for Editor in 0.00 ms.
Initialize engine version: 6000.0.30f1 (62b05ba0686a)
[Subsystems] Discovering subsystems at path /Applications/Unity/Hub/Editor/6000.0.30f1/Unity.app/Contents/Resources/UnitySubsystems
[Subsystems] Discovering subsystems at path /Users/saoudmessaoudi/Documents/github/376-GAME-PROJECT/Assets
GfxDevice: creating device client; kGfxThreadingModeNonThreaded
 preferred device: Apple M3 Pro (high power)
Metal devices available: 1
0: Apple M3 Pro (high power)
Using device Apple M3 Pro (high power)
Initializing Metal device caps: Apple M3 Pro
Initialize mono
Mono path[0] = '/Applications/Unity/Hub/Editor/6000.0.30f1/Unity.app/Contents/Managed'
Mono path[1] = '/Applications/Unity/Hub/Editor/6000.0.30f1/Unity.app/Contents/MonoBleedingEdge/lib/mono/unityjit-macos'
Mono config path = '/Applications/Unity/Hub/Editor/6000.0.30f1/Unity.app/Contents/MonoBleedingEdge/etc'
Using monoOptions --debugger-agent=transport=dt_socket,embedding=1,server=y,suspend=n,address=127.0.0.1:56267
Begin MonoManager ReloadAssembly
Registering precompiled unity dll's ...
Register platform support module: /Applications/Unity/Hub/Editor/6000.0.30f1/Unity.app/Contents/PlaybackEngines/MacStandaloneSupport/UnityEditor.OSXStandalone.Extensions.dll
Registered in 0.000845 seconds.
- Loaded All Assemblies, in  0.229 seconds
Native extension for OSXStandalone target not found
Mono: successfully reloaded assembly
- Finished resetting the current domain, in  0.211 seconds
Domain Reload Profiling: 440ms
	BeginReloadAssembly (62ms)
		ExecutionOrderSort (0ms)
		DisableScriptedObjects (0ms)
		BackupInstance (0ms)
		ReleaseScriptingObjects (0ms)
		CreateAndSetChildDomain (0ms)
	RebuildCommonClasses (25ms)
	RebuildNativeTypeToScriptingClass (9ms)
	initialDomainReloadingComplete (30ms)
	LoadAllAssembliesAndSetupDomain (103ms)
		LoadAssemblies (62ms)
		RebuildTransferFunctionScriptingTraits (0ms)
		AnalyzeDomain (101ms)
			TypeCache.Refresh (100ms)
				TypeCache.ScanAssembly (90ms)
			BuildScriptInfoCaches (0ms)
			ResolveRequiredComponents (0ms)
	FinalizeReload (211ms)
		ReleaseScriptCaches (0ms)
		RebuildScriptCaches (0ms)
		SetupLoadedEditorAssemblies (186ms)
			LogAssemblyErrors (0ms)
			InitializePlatformSupportModulesInManaged (25ms)
			SetLoadedEditorAssemblies (3ms)
			BeforeProcessingInitializeOnLoad (34ms)
			ProcessInitializeOnLoadAttributes (81ms)
			ProcessInitializeOnLoadMethodAttributes (42ms)
			AfterProcessingInitializeOnLoad (0ms)
			EditorAssembliesLoaded (0ms)
		ExecutionOrderSort2 (0ms)
		AwakeInstancesAfterBackupRestoration (0ms)
Script 'Packages/com.unity.ai.navigation/Tests/Runtime/NavMeshLinkTests.cs' will not be compiled because it exists outside the Assets folder and does not to belong to any assembly definition file.
Script 'Packages/com.unity.ai.navigation/Tests/Runtime/NavMeshSurfaceBuildFromAwake.cs' will not be compiled because it exists outside the Assets folder and does not to belong to any assembly definition file.
Script 'Packages/com.unity.ai.navigation/Runtime/AssemblyInfo.cs' will not be compiled because it exists outside the Assets folder and does not to belong to any assembly definition file.
Script 'Packages/com.unity.ai.navigation/Runtime/HelpUrls.cs' will not be compiled because it exists outside the Assets folder and does not to belong to any assembly definition file.
Script 'Packages/com.unity.ai.navigation/Runtime/NavMeshLink.deprecated.cs' will not be compiled because it exists outside the Assets folder and does not to belong to any assembly definition file.
========================================================================
Worker process is ready to serve import requests
Import Worker Mode flag is 0x00
Script 'Packages/com.unity.ai.navigation/Tests/Runtime/NavMeshLinkTests.cs' will not be compiled because it exists outside the Assets folder and does not to belong to any assembly definition file.
Script 'Packages/com.unity.ai.navigation/Tests/Runtime/NavMeshSurfaceBuildFromAwake.cs' will not be compiled because it exists outside the Assets folder and does not to belong to any assembly definition file.
Script 'Packages/com.unity.ai.navigation/Runtime/AssemblyInfo.cs' will not be compiled because it exists outside the Assets folder and does not to belong to any assembly definition file.
Script 'Packages/com.unity.ai.navigation/Runtime/HelpUrls.cs' will not be compiled because it exists outside the Assets folder and does not to belong to any assembly definition file.
Script 'Packages/com.unity.ai.navigation/Runtime/NavMeshLink.deprecated.cs' will not be compiled because it exists outside the Assets folder and does not to belong to any assembly definition file.
Script 'Packages/com.unity.ai.navigation/Tests/Runtime/NavMeshLinkTests.cs' will not be compiled because it exists outside the Assets folder and does not to belong to any assembly definition file.
Script 'Packages/com.unity.ai.navigation/Tests/Runtime/NavMeshSurfaceBuildFromAwake.cs' will not be compiled because it exists outside the Assets folder and does not to belong to any assembly definition file.
Script 'Packages/com.unity.ai.navigation/Runtime/AssemblyInfo.cs' will not be compiled because it exists outside the Assets folder and does not to belong to any assembly definition file.
Script 'Packages/com.unity.ai.navigation/Runtime/HelpUrls.cs' will not be compiled because it exists outside the Assets folder and does not to belong to any assembly definition file.
Script 'Packages/com.unity.ai.navigation/Runtime/NavMeshLink.deprecated.cs' will not be compiled because it exists outside the Assets folder and does not to belong to any assembly definition file.
Begin MonoManager ReloadAssembly
- Loaded All Assemblies, in  0.381 seconds
Script 'Packages/com.unity.ai.navigation/Tests/Runtime/NavMeshLinkTests.cs' will not be compiled because it exists outside the Assets folder and does not to belong to any assembly definition file.
Script 'Packages/com.unity.ai.navigation/Tests/Runtime/NavMeshSurfaceBuildFromAwake.cs' will not be compiled because it exists outside the Assets folder and does not to belong to any assembly definition file.
Script 'Packages/com.unity.ai.navigation/Runtime/AssemblyInfo.cs' will not be compiled because it exists outside the Assets folder and does not to belong to any assembly definition file.
Script 'Packages/com.unity.ai.navigation/Runtime/HelpUrls.cs' will not be compiled because it exists outside the Assets folder and does not to belong to any assembly definition file.
Script 'Packages/com.unity.ai.navigation/Runtime/NavMeshLink.deprecated.cs' will not be compiled because it exists outside the Assets folder and does not to belong to any assembly definition file.
Refreshing native plugins compatible for Editor in 0.16 ms, found 2 plugins.
Native extension for OSXStandalone target not found
Script 'Packages/com.unity.ai.navigation/Tests/Runtime/NavMeshLinkTests.cs' will not be compiled because it exists outside the Assets folder and does not to belong to any assembly definition file.
Script 'Packages/com.unity.ai.navigation/Tests/Runtime/NavMeshSurfaceBuildFromAwake.cs' will not be compiled because it exists outside the Assets folder and does not to belong to any assembly definition file.
Script 'Packages/com.unity.ai.navigation/Runtime/AssemblyInfo.cs' will not be compiled because it exists outside the Assets folder and does not to belong to any assembly definition file.
Script 'Packages/com.unity.ai.navigation/Runtime/HelpUrls.cs' will not be compiled because it exists outside the Assets folder and does not to belong to any assembly definition file.
Script 'Packages/com.unity.ai.navigation/Runtime/NavMeshLink.deprecated.cs' will not be compiled because it exists outside the Assets folder and does not to belong to any assembly definition file.
Mono: successfully reloaded assembly
- Finished resetting the current domain, in  0.310 seconds
Domain Reload Profiling: 691ms
	BeginReloadAssembly (100ms)
		ExecutionOrderSort (0ms)
		DisableScriptedObjects (4ms)
		BackupInstance (0ms)
		ReleaseScriptingObjects (0ms)
		CreateAndSetChildDomain (44ms)
	RebuildCommonClasses (25ms)
	RebuildNativeTypeToScriptingClass (8ms)
	initialDomainReloadingComplete (20ms)
	LoadAllAssembliesAndSetupDomain (227ms)
		LoadAssemblies (141ms)
		RebuildTransferFunctionScriptingTraits (0ms)
		AnalyzeDomain (121ms)
			TypeCache.Refresh (98ms)
				TypeCache.ScanAssembly (89ms)
			BuildScriptInfoCaches (18ms)
			ResolveRequiredComponents (3ms)
	FinalizeReload (311ms)
		ReleaseScriptCaches (0ms)
		RebuildScriptCaches (0ms)
		SetupLoadedEditorAssemblies (244ms)
			LogAssemblyErrors (0ms)
			InitializePlatformSupportModulesInManaged (2ms)
			SetLoadedEditorAssemblies (3ms)
			BeforeProcessingInitializeOnLoad (46ms)
			ProcessInitializeOnLoadAttributes (180ms)
			ProcessInitializeOnLoadMethodAttributes (14ms)
			AfterProcessingInitializeOnLoad (1ms)
			EditorAssembliesLoaded (0ms)
		ExecutionOrderSort2 (0ms)
		AwakeInstancesAfterBackupRestoration (2ms)
Launching external process: /Applications/Unity/Hub/Editor/6000.0.30f1/Unity.app/Contents/Tools/UnityShaderCompiler
Launched and connected shader compiler UnityShaderCompiler after 0.03 seconds
Refreshing native plugins compatible for Editor in 0.22 ms, found 2 plugins.
Preloading 0 native plugins for Editor in 0.00 ms.
Unloading 8 Unused Serialized files (Serialized files now loaded: 0)
Unloading 3447 unused Assets / (0.7 MB). Loaded Objects now: 3954.
Memory consumption went from 99.6 MB to 98.9 MB.
Total: 4.040000 ms (FindLiveObjects: 0.311875 ms CreateObjectMapping: 0.066125 ms MarkObjects: 3.176334 ms  DeleteObjects: 0.485208 ms)

========================================================================
Received Prepare
Script 'Packages/com.unity.ai.navigation/Tests/Runtime/NavMeshLinkTests.cs' will not be compiled because it exists outside the Assets folder and does not to belong to any assembly definition file.
Script 'Packages/com.unity.ai.navigation/Tests/Runtime/NavMeshSurfaceBuildFromAwake.cs' will not be compiled because it exists outside the Assets folder and does not to belong to any assembly definition file.
Script 'Packages/com.unity.ai.navigation/Runtime/AssemblyInfo.cs' will not be compiled because it exists outside the Assets folder and does not to belong to any assembly definition file.
Script 'Packages/com.unity.ai.navigation/Runtime/HelpUrls.cs' will not be compiled because it exists outside the Assets folder and does not to belong to any assembly definition file.
Script 'Packages/com.unity.ai.navigation/Runtime/NavMeshLink.deprecated.cs' will not be compiled because it exists outside the Assets folder and does not to belong to any assembly definition file.
Script 'Packages/com.unity.ai.navigation/Tests/Runtime/NavMeshLinkTests.cs' will not be compiled because it exists outside the Assets folder and does not to belong to any assembly definition file.
Script 'Packages/com.unity.ai.navigation/Tests/Runtime/NavMeshSurfaceBuildFromAwake.cs' will not be compiled because it exists outside the Assets folder and does not to belong to any assembly definition file.
Script 'Packages/com.unity.ai.navigation/Runtime/AssemblyInfo.cs' will not be compiled because it exists outside the Assets folder and does not to belong to any assembly definition file.
Script 'Packages/com.unity.ai.navigation/Runtime/HelpUrls.cs' will not be compiled because it exists outside the Assets folder and does not to belong to any assembly definition file.
Script 'Packages/com.unity.ai.navigation/Runtime/NavMeshLink.deprecated.cs' will not be compiled because it exists outside the Assets folder and does not to belong to any assembly definition file.
Begin MonoManager ReloadAssembly
Thread 0x17d807000 may have been prematurely finalized
- Loaded All Assemblies, in  0.424 seconds
Script 'Packages/com.unity.ai.navigation/Tests/Runtime/NavMeshLinkTests.cs' will not be compiled because it exists outside the Assets folder and does not to belong to any assembly definition file.
Script 'Packages/com.unity.ai.navigation/Tests/Runtime/NavMeshSurfaceBuildFromAwake.cs' will not be compiled because it exists outside the Assets folder and does not to belong to any assembly definition file.
Script 'Packages/com.unity.ai.navigation/Runtime/AssemblyInfo.cs' will not be compiled because it exists outside the Assets folder and does not to belong to any assembly definition file.
Script 'Packages/com.unity.ai.navigation/Runtime/HelpUrls.cs' will not be compiled because it exists outside the Assets folder and does not to belong to any assembly definition file.
Script 'Packages/com.unity.ai.navigation/Runtime/NavMeshLink.deprecated.cs' will not be compiled because it exists outside the Assets folder and does not to belong to any assembly definition file.
Refreshing native plugins compatible for Editor in 0.87 ms, found 2 plugins.
Native extension for OSXStandalone target not found
Script 'Packages/com.unity.ai.navigation/Tests/Runtime/NavMeshLinkTests.cs' will not be compiled because it exists outside the Assets folder and does not to belong to any assembly definition file.
Script 'Packages/com.unity.ai.navigation/Tests/Runtime/NavMeshSurfaceBuildFromAwake.cs' will not be compiled because it exists outside the Assets folder and does not to belong to any assembly definition file.
Script 'Packages/com.unity.ai.navigation/Runtime/AssemblyInfo.cs' will not be compiled because it exists outside the Assets folder and does not to belong to any assembly definition file.
Script 'Packages/com.unity.ai.navigation/Runtime/HelpUrls.cs' will not be compiled because it exists outside the Assets folder and does not to belong to any assembly definition file.
Script 'Packages/com.unity.ai.navigation/Runtime/NavMeshLink.deprecated.cs' will not be compiled because it exists outside the Assets folder and does not to belong to any assembly definition file.
Mono: successfully reloaded assembly
- Finished resetting the current domain, in  0.362 seconds
Domain Reload Profiling: 788ms
	BeginReloadAssembly (135ms)
		ExecutionOrderSort (0ms)
		DisableScriptedObjects (6ms)
		BackupInstance (0ms)
		ReleaseScriptingObjects (0ms)
		CreateAndSetChildDomain (49ms)
	RebuildCommonClasses (25ms)
	RebuildNativeTypeToScriptingClass (8ms)
	initialDomainReloadingComplete (15ms)
	LoadAllAssembliesAndSetupDomain (242ms)
		LoadAssemblies (173ms)
		RebuildTransferFunctionScriptingTraits (0ms)
		AnalyzeDomain (112ms)
			TypeCache.Refresh (10ms)
				TypeCache.ScanAssembly (1ms)
			BuildScriptInfoCaches (97ms)
			ResolveRequiredComponents (3ms)
	FinalizeReload (363ms)
		ReleaseScriptCaches (0ms)
		RebuildScriptCaches (0ms)
		SetupLoadedEditorAssemblies (268ms)
			LogAssemblyErrors (0ms)
			InitializePlatformSupportModulesInManaged (2ms)
			SetLoadedEditorAssemblies (2ms)
			BeforeProcessingInitializeOnLoad (52ms)
			ProcessInitializeOnLoadAttributes (200ms)
			ProcessInitializeOnLoadMethodAttributes (13ms)
			AfterProcessingInitializeOnLoad (1ms)
			EditorAssembliesLoaded (0ms)
		ExecutionOrderSort2 (0ms)
		AwakeInstancesAfterBackupRestoration (2ms)
Refreshing native plugins compatible for Editor in 0.24 ms, found 2 plugins.
Preloading 0 native plugins for Editor in 0.00 ms.
Unloading 0 Unused Serialized files (Serialized files now loaded: 0)
Unloading 3414 unused Assets / (0.9 MB). Loaded Objects now: 3923.
Memory consumption went from 105.8 MB to 104.9 MB.
Total: 3.962208 ms (FindLiveObjects: 0.215709 ms CreateObjectMapping: 0.068250 ms MarkObjects: 3.244250 ms  DeleteObjects: 0.433500 ms)

Prepare: number of updated asset objects reloaded= 0
========================================================================
Received Prepare
Refreshing native plugins compatible for Editor in 0.26 ms, found 2 plugins.
Preloading 0 native plugins for Editor in 0.00 ms.
Unloading 0 Unused Serialized files (Serialized files now loaded: 0)
Unloading 3409 unused Assets / (0.6 MB). Loaded Objects now: 3924.
Memory consumption went from 105.6 MB to 105.0 MB.
Total: 42.000875 ms (FindLiveObjects: 0.421417 ms CreateObjectMapping: 0.073792 ms MarkObjects: 40.969250 ms  DeleteObjects: 0.535833 ms)

Prepare: number of updated asset objects reloaded= 0
========================================================================
Received Prepare
Script 'Packages/com.unity.ai.navigation/Tests/Runtime/NavMeshLinkTests.cs' will not be compiled because it exists outside the Assets folder and does not to belong to any assembly definition file.
Script 'Packages/com.unity.ai.navigation/Tests/Runtime/NavMeshSurfaceBuildFromAwake.cs' will not be compiled because it exists outside the Assets folder and does not to belong to any assembly definition file.
Script 'Packages/com.unity.ai.navigation/Runtime/AssemblyInfo.cs' will not be compiled because it exists outside the Assets folder and does not to belong to any assembly definition file.
Script 'Packages/com.unity.ai.navigation/Runtime/HelpUrls.cs' will not be compiled because it exists outside the Assets folder and does not to belong to any assembly definition file.
Script 'Packages/com.unity.ai.navigation/Runtime/NavMeshLink.deprecated.cs' will not be compiled because it exists outside the Assets folder and does not to belong to any assembly definition file.
Script 'Packages/com.unity.ai.navigation/Tests/Runtime/NavMeshLinkTests.cs' will not be compiled because it exists outside the Assets folder and does not to belong to any assembly definition file.
Script 'Packages/com.unity.ai.navigation/Tests/Runtime/NavMeshSurfaceBuildFromAwake.cs' will not be compiled because it exists outside the Assets folder and does not to belong to any assembly definition file.
Script 'Packages/com.unity.ai.navigation/Runtime/AssemblyInfo.cs' will not be compiled because it exists outside the Assets folder and does not to belong to any assembly definition file.
Script 'Packages/com.unity.ai.navigation/Runtime/HelpUrls.cs' will not be compiled because it exists outside the Assets folder and does not to belong to any assembly definition file.
Script 'Packages/com.unity.ai.navigation/Runtime/NavMeshLink.deprecated.cs' will not be compiled because it exists outside the Assets folder and does not to belong to any assembly definition file.
Begin MonoManager ReloadAssembly
Thread 0x17d807000 may have been prematurely finalized
- Loaded All Assemblies, in  0.620 seconds
Script 'Packages/com.unity.ai.navigation/Tests/Runtime/NavMeshLinkTests.cs' will not be compiled because it exists outside the Assets folder and does not to belong to any assembly definition file.
Script 'Packages/com.unity.ai.navigation/Tests/Runtime/NavMeshSurfaceBuildFromAwake.cs' will not be compiled because it exists outside the Assets folder and does not to belong to any assembly definition file.
Script 'Packages/com.unity.ai.navigation/Runtime/AssemblyInfo.cs' will not be compiled because it exists outside the Assets folder and does not to belong to any assembly definition file.
Script 'Packages/com.unity.ai.navigation/Runtime/HelpUrls.cs' will not be compiled because it exists outside the Assets folder and does not to belong to any assembly definition file.
Script 'Packages/com.unity.ai.navigation/Runtime/NavMeshLink.deprecated.cs' will not be compiled because it exists outside the Assets folder and does not to belong to any assembly definition file.
Refreshing native plugins compatible for Editor in 0.26 ms, found 2 plugins.
Native extension for OSXStandalone target not found
Script 'Packages/com.unity.ai.navigation/Tests/Runtime/NavMeshLinkTests.cs' will not be compiled because it exists outside the Assets folder and does not to belong to any assembly definition file.
Script 'Packages/com.unity.ai.navigation/Tests/Runtime/NavMeshSurfaceBuildFromAwake.cs' will not be compiled because it exists outside the Assets folder and does not to belong to any assembly definition file.
Script 'Packages/com.unity.ai.navigation/Runtime/AssemblyInfo.cs' will not be compiled because it exists outside the Assets folder and does not to belong to any assembly definition file.
Script 'Packages/com.unity.ai.navigation/Runtime/HelpUrls.cs' will not be compiled because it exists outside the Assets folder and does not to belong to any assembly definition file.
Script 'Packages/com.unity.ai.navigation/Runtime/NavMeshLink.deprecated.cs' will not be compiled because it exists outside the Assets folder and does not to belong to any assembly definition file.
Mono: successfully reloaded assembly
- Finished resetting the current domain, in  0.339 seconds
Domain Reload Profiling: 960ms
	BeginReloadAssembly (236ms)
		ExecutionOrderSort (0ms)
		DisableScriptedObjects (8ms)
		BackupInstance (0ms)
		ReleaseScriptingObjects (0ms)
		CreateAndSetChildDomain (76ms)
	RebuildCommonClasses (32ms)
	RebuildNativeTypeToScriptingClass (10ms)
	initialDomainReloadingComplete (23ms)
	LoadAllAssembliesAndSetupDomain (320ms)
		LoadAssemblies (290ms)
		RebuildTransferFunctionScriptingTraits (0ms)
		AnalyzeDomain (138ms)
			TypeCache.Refresh (11ms)
				TypeCache.ScanAssembly (0ms)
			BuildScriptInfoCaches (122ms)
			ResolveRequiredComponents (3ms)
	FinalizeReload (339ms)
		ReleaseScriptCaches (0ms)
		RebuildScriptCaches (0ms)
		SetupLoadedEditorAssemblies (259ms)
			LogAssemblyErrors (0ms)
			InitializePlatformSupportModulesInManaged (2ms)
			SetLoadedEditorAssemblies (2ms)
			BeforeProcessingInitializeOnLoad (60ms)
			ProcessInitializeOnLoadAttributes (180ms)
			ProcessInitializeOnLoadMethodAttributes (14ms)
			AfterProcessingInitializeOnLoad (1ms)
			EditorAssembliesLoaded (0ms)
		ExecutionOrderSort2 (0ms)
		AwakeInstancesAfterBackupRestoration (3ms)
Refreshing native plugins compatible for Editor in 0.23 ms, found 2 plugins.
Preloading 0 native plugins for Editor in 0.00 ms.
Unloading 0 Unused Serialized files (Serialized files now loaded: 0)
Unloading 3415 unused Assets / (0.8 MB). Loaded Objects now: 3924.
Memory consumption went from 112.7 MB to 111.9 MB.
Total: 3.925084 ms (FindLiveObjects: 0.253208 ms CreateObjectMapping: 0.116084 ms MarkObjects: 3.121250 ms  DeleteObjects: 0.434334 ms)

Prepare: number of updated asset objects reloaded= 0
========================================================================
Received Prepare
Script 'Packages/com.unity.ai.navigation/Tests/Runtime/NavMeshLinkTests.cs' will not be compiled because it exists outside the Assets folder and does not to belong to any assembly definition file.
Script 'Packages/com.unity.ai.navigation/Tests/Runtime/NavMeshSurfaceBuildFromAwake.cs' will not be compiled because it exists outside the Assets folder and does not to belong to any assembly definition file.
Script 'Packages/com.unity.ai.navigation/Runtime/AssemblyInfo.cs' will not be compiled because it exists outside the Assets folder and does not to belong to any assembly definition file.
Script 'Packages/com.unity.ai.navigation/Runtime/HelpUrls.cs' will not be compiled because it exists outside the Assets folder and does not to belong to any assembly definition file.
Script 'Packages/com.unity.ai.navigation/Runtime/NavMeshLink.deprecated.cs' will not be compiled because it exists outside the Assets folder and does not to belong to any assembly definition file.
Script 'Packages/com.unity.ai.navigation/Tests/Runtime/NavMeshLinkTests.cs' will not be compiled because it exists outside the Assets folder and does not to belong to any assembly definition file.
Script 'Packages/com.unity.ai.navigation/Tests/Runtime/NavMeshSurfaceBuildFromAwake.cs' will not be compiled because it exists outside the Assets folder and does not to belong to any assembly definition file.
Script 'Packages/com.unity.ai.navigation/Runtime/AssemblyInfo.cs' will not be compiled because it exists outside the Assets folder and does not to belong to any assembly definition file.
Script 'Packages/com.unity.ai.navigation/Runtime/HelpUrls.cs' will not be compiled because it exists outside the Assets folder and does not to belong to any assembly definition file.
Script 'Packages/com.unity.ai.navigation/Runtime/NavMeshLink.deprecated.cs' will not be compiled because it exists outside the Assets folder and does not to belong to any assembly definition file.
Begin MonoManager ReloadAssembly
Thread 0x16bb23000 may have been prematurely finalized
- Loaded All Assemblies, in  0.428 seconds
Script 'Packages/com.unity.ai.navigation/Tests/Runtime/NavMeshLinkTests.cs' will not be compiled because it exists outside the Assets folder and does not to belong to any assembly definition file.
Script 'Packages/com.unity.ai.navigation/Tests/Runtime/NavMeshSurfaceBuildFromAwake.cs' will not be compiled because it exists outside the Assets folder and does not to belong to any assembly definition file.
Script 'Packages/com.unity.ai.navigation/Runtime/AssemblyInfo.cs' will not be compiled because it exists outside the Assets folder and does not to belong to any assembly definition file.
Script 'Packages/com.unity.ai.navigation/Runtime/HelpUrls.cs' will not be compiled because it exists outside the Assets folder and does not to belong to any assembly definition file.
Script 'Packages/com.unity.ai.navigation/Runtime/NavMeshLink.deprecated.cs' will not be compiled because it exists outside the Assets folder and does not to belong to any assembly definition file.
Refreshing native plugins compatible for Editor in 0.20 ms, found 2 plugins.
Native extension for OSXStandalone target not found
Script 'Packages/com.unity.ai.navigation/Tests/Runtime/NavMeshLinkTests.cs' will not be compiled because it exists outside the Assets folder and does not to belong to any assembly definition file.
Script 'Packages/com.unity.ai.navigation/Tests/Runtime/NavMeshSurfaceBuildFromAwake.cs' will not be compiled because it exists outside the Assets folder and does not to belong to any assembly definition file.
Script 'Packages/com.unity.ai.navigation/Runtime/AssemblyInfo.cs' will not be compiled because it exists outside the Assets folder and does not to belong to any assembly definition file.
Script 'Packages/com.unity.ai.navigation/Runtime/HelpUrls.cs' will not be compiled because it exists outside the Assets folder and does not to belong to any assembly definition file.
Script 'Packages/com.unity.ai.navigation/Runtime/NavMeshLink.deprecated.cs' will not be compiled because it exists outside the Assets folder and does not to belong to any assembly definition file.
Mono: successfully reloaded assembly
- Finished resetting the current domain, in  0.354 seconds
Domain Reload Profiling: 784ms
	BeginReloadAssembly (134ms)
		ExecutionOrderSort (0ms)
		DisableScriptedObjects (12ms)
		BackupInstance (0ms)
		ReleaseScriptingObjects (0ms)
		CreateAndSetChildDomain (47ms)
	RebuildCommonClasses (26ms)
	RebuildNativeTypeToScriptingClass (9ms)
	initialDomainReloadingComplete (14ms)
	LoadAllAssembliesAndSetupDomain (247ms)
		LoadAssemblies (180ms)
		RebuildTransferFunctionScriptingTraits (0ms)
		AnalyzeDomain (111ms)
			TypeCache.Refresh (9ms)
				TypeCache.ScanAssembly (0ms)
			BuildScriptInfoCaches (97ms)
			ResolveRequiredComponents (3ms)
	FinalizeReload (355ms)
		ReleaseScriptCaches (0ms)
		RebuildScriptCaches (0ms)
		SetupLoadedEditorAssemblies (286ms)
			LogAssemblyErrors (0ms)
			InitializePlatformSupportModulesInManaged (2ms)
			SetLoadedEditorAssemblies (2ms)
			BeforeProcessingInitializeOnLoad (60ms)
			ProcessInitializeOnLoadAttributes (209ms)
			ProcessInitializeOnLoadMethodAttributes (13ms)
			AfterProcessingInitializeOnLoad (1ms)
			EditorAssembliesLoaded (0ms)
		ExecutionOrderSort2 (0ms)
		AwakeInstancesAfterBackupRestoration (2ms)
Refreshing native plugins compatible for Editor in 0.23 ms, found 2 plugins.
Preloading 0 native plugins for Editor in 0.00 ms.
Unloading 0 Unused Serialized files (Serialized files now loaded: 0)
Unloading 3415 unused Assets / (0.6 MB). Loaded Objects now: 3924.
Memory consumption went from 120.0 MB to 119.4 MB.
Total: 3.733625 ms (FindLiveObjects: 0.166833 ms CreateObjectMapping: 0.066042 ms MarkObjects: 3.040458 ms  DeleteObjects: 0.459833 ms)

Prepare: number of updated asset objects reloaded= 0
========================================================================
Received Prepare
Script 'Packages/com.unity.ai.navigation/Tests/Runtime/NavMeshLinkTests.cs' will not be compiled because it exists outside the Assets folder and does not to belong to any assembly definition file.
Script 'Packages/com.unity.ai.navigation/Tests/Runtime/NavMeshSurfaceBuildFromAwake.cs' will not be compiled because it exists outside the Assets folder and does not to belong to any assembly definition file.
Script 'Packages/com.unity.ai.navigation/Runtime/AssemblyInfo.cs' will not be compiled because it exists outside the Assets folder and does not to belong to any assembly definition file.
Script 'Packages/com.unity.ai.navigation/Runtime/HelpUrls.cs' will not be compiled because it exists outside the Assets folder and does not to belong to any assembly definition file.
Script 'Packages/com.unity.ai.navigation/Runtime/NavMeshLink.deprecated.cs' will not be compiled because it exists outside the Assets folder and does not to belong to any assembly definition file.
Script 'Packages/com.unity.ai.navigation/Tests/Runtime/NavMeshLinkTests.cs' will not be compiled because it exists outside the Assets folder and does not to belong to any assembly definition file.
Script 'Packages/com.unity.ai.navigation/Tests/Runtime/NavMeshSurfaceBuildFromAwake.cs' will not be compiled because it exists outside the Assets folder and does not to belong to any assembly definition file.
Script 'Packages/com.unity.ai.navigation/Runtime/AssemblyInfo.cs' will not be compiled because it exists outside the Assets folder and does not to belong to any assembly definition file.
Script 'Packages/com.unity.ai.navigation/Runtime/HelpUrls.cs' will not be compiled because it exists outside the Assets folder and does not to belong to any assembly definition file.
Script 'Packages/com.unity.ai.navigation/Runtime/NavMeshLink.deprecated.cs' will not be compiled because it exists outside the Assets folder and does not to belong to any assembly definition file.
Begin MonoManager ReloadAssembly
Thread 0x17d807000 may have been prematurely finalized
- Loaded All Assemblies, in  0.399 seconds
Script 'Packages/com.unity.ai.navigation/Tests/Runtime/NavMeshLinkTests.cs' will not be compiled because it exists outside the Assets folder and does not to belong to any assembly definition file.
Script 'Packages/com.unity.ai.navigation/Tests/Runtime/NavMeshSurfaceBuildFromAwake.cs' will not be compiled because it exists outside the Assets folder and does not to belong to any assembly definition file.
Script 'Packages/com.unity.ai.navigation/Runtime/AssemblyInfo.cs' will not be compiled because it exists outside the Assets folder and does not to belong to any assembly definition file.
Script 'Packages/com.unity.ai.navigation/Runtime/HelpUrls.cs' will not be compiled because it exists outside the Assets folder and does not to belong to any assembly definition file.
Script 'Packages/com.unity.ai.navigation/Runtime/NavMeshLink.deprecated.cs' will not be compiled because it exists outside the Assets folder and does not to belong to any assembly definition file.
Refreshing native plugins compatible for Editor in 0.25 ms, found 2 plugins.
Native extension for OSXStandalone target not found
Script 'Packages/com.unity.ai.navigation/Tests/Runtime/NavMeshLinkTests.cs' will not be compiled because it exists outside the Assets folder and does not to belong to any assembly definition file.
Script 'Packages/com.unity.ai.navigation/Tests/Runtime/NavMeshSurfaceBuildFromAwake.cs' will not be compiled because it exists outside the Assets folder and does not to belong to any assembly definition file.
Script 'Packages/com.unity.ai.navigation/Runtime/AssemblyInfo.cs' will not be compiled because it exists outside the Assets folder and does not to belong to any assembly definition file.
Script 'Packages/com.unity.ai.navigation/Runtime/HelpUrls.cs' will not be compiled because it exists outside the Assets folder and does not to belong to any assembly definition file.
Script 'Packages/com.unity.ai.navigation/Runtime/NavMeshLink.deprecated.cs' will not be compiled because it exists outside the Assets folder and does not to belong to any assembly definition file.
Mono: successfully reloaded assembly
- Finished resetting the current domain, in  0.319 seconds
Domain Reload Profiling: 720ms
	BeginReloadAssembly (138ms)
		ExecutionOrderSort (0ms)
		DisableScriptedObjects (6ms)
		BackupInstance (0ms)
		ReleaseScriptingObjects (0ms)
		CreateAndSetChildDomain (55ms)
	RebuildCommonClasses (27ms)
	RebuildNativeTypeToScriptingClass (10ms)
	initialDomainReloadingComplete (16ms)
	LoadAllAssembliesAndSetupDomain (209ms)
		LoadAssemblies (153ms)
		RebuildTransferFunctionScriptingTraits (0ms)
		AnalyzeDomain (94ms)
			TypeCache.Refresh (6ms)
				TypeCache.ScanAssembly (0ms)
			BuildScriptInfoCaches (83ms)
			ResolveRequiredComponents (3ms)
	FinalizeReload (319ms)
		ReleaseScriptCaches (0ms)
		RebuildScriptCaches (0ms)
		SetupLoadedEditorAssemblies (250ms)
			LogAssemblyErrors (0ms)
			InitializePlatformSupportModulesInManaged (2ms)
			SetLoadedEditorAssemblies (2ms)
			BeforeProcessingInitializeOnLoad (51ms)
			ProcessInitializeOnLoadAttributes (181ms)
			ProcessInitializeOnLoadMethodAttributes (13ms)
			AfterProcessingInitializeOnLoad (1ms)
			EditorAssembliesLoaded (0ms)
		ExecutionOrderSort2 (0ms)
		AwakeInstancesAfterBackupRestoration (2ms)
Refreshing native plugins compatible for Editor in 0.24 ms, found 2 plugins.
Preloading 0 native plugins for Editor in 0.00 ms.
Unloading 0 Unused Serialized files (Serialized files now loaded: 0)
Unloading 3415 unused Assets / (0.7 MB). Loaded Objects now: 3924.
Memory consumption went from 127.2 MB to 126.6 MB.
Total: 4.011750 ms (FindLiveObjects: 0.199125 ms CreateObjectMapping: 0.067292 ms MarkObjects: 3.216375 ms  DeleteObjects: 0.528458 ms)

Prepare: number of updated asset objects reloaded= 0
========================================================================
Received Prepare
Script 'Packages/com.unity.ai.navigation/Tests/Runtime/NavMeshLinkTests.cs' will not be compiled because it exists outside the Assets folder and does not to belong to any assembly definition file.
Script 'Packages/com.unity.ai.navigation/Tests/Runtime/NavMeshSurfaceBuildFromAwake.cs' will not be compiled because it exists outside the Assets folder and does not to belong to any assembly definition file.
Script 'Packages/com.unity.ai.navigation/Runtime/AssemblyInfo.cs' will not be compiled because it exists outside the Assets folder and does not to belong to any assembly definition file.
Script 'Packages/com.unity.ai.navigation/Runtime/HelpUrls.cs' will not be compiled because it exists outside the Assets folder and does not to belong to any assembly definition file.
Script 'Packages/com.unity.ai.navigation/Runtime/NavMeshLink.deprecated.cs' will not be compiled because it exists outside the Assets folder and does not to belong to any assembly definition file.
Script 'Packages/com.unity.ai.navigation/Tests/Runtime/NavMeshLinkTests.cs' will not be compiled because it exists outside the Assets folder and does not to belong to any assembly definition file.
Script 'Packages/com.unity.ai.navigation/Tests/Runtime/NavMeshSurfaceBuildFromAwake.cs' will not be compiled because it exists outside the Assets folder and does not to belong to any assembly definition file.
Script 'Packages/com.unity.ai.navigation/Runtime/AssemblyInfo.cs' will not be compiled because it exists outside the Assets folder and does not to belong to any assembly definition file.
Script 'Packages/com.unity.ai.navigation/Runtime/HelpUrls.cs' will not be compiled because it exists outside the Assets folder and does not to belong to any assembly definition file.
Script 'Packages/com.unity.ai.navigation/Runtime/NavMeshLink.deprecated.cs' will not be compiled because it exists outside the Assets folder and does not to belong to any assembly definition file.
Begin MonoManager ReloadAssembly
Thread 0x16bb23000 may have been prematurely finalized
- Loaded All Assemblies, in  0.432 seconds
Script 'Packages/com.unity.ai.navigation/Tests/Runtime/NavMeshLinkTests.cs' will not be compiled because it exists outside the Assets folder and does not to belong to any assembly definition file.
Script 'Packages/com.unity.ai.navigation/Tests/Runtime/NavMeshSurfaceBuildFromAwake.cs' will not be compiled because it exists outside the Assets folder and does not to belong to any assembly definition file.
Script 'Packages/com.unity.ai.navigation/Runtime/AssemblyInfo.cs' will not be compiled because it exists outside the Assets folder and does not to belong to any assembly definition file.
Script 'Packages/com.unity.ai.navigation/Runtime/HelpUrls.cs' will not be compiled because it exists outside the Assets folder and does not to belong to any assembly definition file.
Script 'Packages/com.unity.ai.navigation/Runtime/NavMeshLink.deprecated.cs' will not be compiled because it exists outside the Assets folder and does not to belong to any assembly definition file.
Refreshing native plugins compatible for Editor in 0.22 ms, found 2 plugins.
Native extension for OSXStandalone target not found
Script 'Packages/com.unity.ai.navigation/Tests/Runtime/NavMeshLinkTests.cs' will not be compiled because it exists outside the Assets folder and does not to belong to any assembly definition file.
Script 'Packages/com.unity.ai.navigation/Tests/Runtime/NavMeshSurfaceBuildFromAwake.cs' will not be compiled because it exists outside the Assets folder and does not to belong to any assembly definition file.
Script 'Packages/com.unity.ai.navigation/Runtime/AssemblyInfo.cs' will not be compiled because it exists outside the Assets folder and does not to belong to any assembly definition file.
Script 'Packages/com.unity.ai.navigation/Runtime/HelpUrls.cs' will not be compiled because it exists outside the Assets folder and does not to belong to any assembly definition file.
Script 'Packages/com.unity.ai.navigation/Runtime/NavMeshLink.deprecated.cs' will not be compiled because it exists outside the Assets folder and does not to belong to any assembly definition file.
Mono: successfully reloaded assembly
- Finished resetting the current domain, in  0.364 seconds
Domain Reload Profiling: 797ms
	BeginReloadAssembly (148ms)
		ExecutionOrderSort (0ms)
		DisableScriptedObjects (5ms)
		BackupInstance (0ms)
		ReleaseScriptingObjects (0ms)
		CreateAndSetChildDomain (72ms)
	RebuildCommonClasses (25ms)
	RebuildNativeTypeToScriptingClass (9ms)
	initialDomainReloadingComplete (12ms)
	LoadAllAssembliesAndSetupDomain (239ms)
		LoadAssemblies (175ms)
		RebuildTransferFunctionScriptingTraits (0ms)
		AnalyzeDomain (103ms)
			TypeCache.Refresh (7ms)
				TypeCache.ScanAssembly (0ms)
			BuildScriptInfoCaches (91ms)
			ResolveRequiredComponents (3ms)
	FinalizeReload (364ms)
		ReleaseScriptCaches (0ms)
		RebuildScriptCaches (0ms)
		SetupLoadedEditorAssemblies (291ms)
			LogAssemblyErrors (0ms)
			InitializePlatformSupportModulesInManaged (2ms)
			SetLoadedEditorAssemblies (2ms)
			BeforeProcessingInitializeOnLoad (58ms)
			ProcessInitializeOnLoadAttributes (214ms)
			ProcessInitializeOnLoadMethodAttributes (14ms)
			AfterProcessingInitializeOnLoad (1ms)
			EditorAssembliesLoaded (0ms)
		ExecutionOrderSort2 (0ms)
		AwakeInstancesAfterBackupRestoration (2ms)
Refreshing native plugins compatible for Editor in 0.23 ms, found 2 plugins.
Preloading 0 native plugins for Editor in 0.00 ms.
Unloading 0 Unused Serialized files (Serialized files now loaded: 0)
Unloading 3415 unused Assets / (395.4 KB). Loaded Objects now: 3924.
Memory consumption went from 134.5 MB to 134.1 MB.
Total: 4.398333 ms (FindLiveObjects: 0.221292 ms CreateObjectMapping: 0.068500 ms MarkObjects: 3.573125 ms  DeleteObjects: 0.535208 ms)

Prepare: number of updated asset objects reloaded= 0
========================================================================
Received Prepare
Script 'Packages/com.unity.ai.navigation/Tests/Runtime/NavMeshLinkTests.cs' will not be compiled because it exists outside the Assets folder and does not to belong to any assembly definition file.
Script 'Packages/com.unity.ai.navigation/Tests/Runtime/NavMeshSurfaceBuildFromAwake.cs' will not be compiled because it exists outside the Assets folder and does not to belong to any assembly definition file.
Script 'Packages/com.unity.ai.navigation/Runtime/AssemblyInfo.cs' will not be compiled because it exists outside the Assets folder and does not to belong to any assembly definition file.
Script 'Packages/com.unity.ai.navigation/Runtime/HelpUrls.cs' will not be compiled because it exists outside the Assets folder and does not to belong to any assembly definition file.
Script 'Packages/com.unity.ai.navigation/Runtime/NavMeshLink.deprecated.cs' will not be compiled because it exists outside the Assets folder and does not to belong to any assembly definition file.
Script 'Packages/com.unity.ai.navigation/Tests/Runtime/NavMeshLinkTests.cs' will not be compiled because it exists outside the Assets folder and does not to belong to any assembly definition file.
Script 'Packages/com.unity.ai.navigation/Tests/Runtime/NavMeshSurfaceBuildFromAwake.cs' will not be compiled because it exists outside the Assets folder and does not to belong to any assembly definition file.
Script 'Packages/com.unity.ai.navigation/Runtime/AssemblyInfo.cs' will not be compiled because it exists outside the Assets folder and does not to belong to any assembly definition file.
Script 'Packages/com.unity.ai.navigation/Runtime/HelpUrls.cs' will not be compiled because it exists outside the Assets folder and does not to belong to any assembly definition file.
Script 'Packages/com.unity.ai.navigation/Runtime/NavMeshLink.deprecated.cs' will not be compiled because it exists outside the Assets folder and does not to belong to any assembly definition file.
Begin MonoManager ReloadAssembly
Thread 0x16bb23000 may have been prematurely finalized
- Loaded All Assemblies, in  0.638 seconds
Script 'Packages/com.unity.ai.navigation/Tests/Runtime/NavMeshLinkTests.cs' will not be compiled because it exists outside the Assets folder and does not to belong to any assembly definition file.
Script 'Packages/com.unity.ai.navigation/Tests/Runtime/NavMeshSurfaceBuildFromAwake.cs' will not be compiled because it exists outside the Assets folder and does not to belong to any assembly definition file.
Script 'Packages/com.unity.ai.navigation/Runtime/AssemblyInfo.cs' will not be compiled because it exists outside the Assets folder and does not to belong to any assembly definition file.
Script 'Packages/com.unity.ai.navigation/Runtime/HelpUrls.cs' will not be compiled because it exists outside the Assets folder and does not to belong to any assembly definition file.
Script 'Packages/com.unity.ai.navigation/Runtime/NavMeshLink.deprecated.cs' will not be compiled because it exists outside the Assets folder and does not to belong to any assembly definition file.
Refreshing native plugins compatible for Editor in 0.19 ms, found 2 plugins.
Native extension for OSXStandalone target not found
Script 'Packages/com.unity.ai.navigation/Tests/Runtime/NavMeshLinkTests.cs' will not be compiled because it exists outside the Assets folder and does not to belong to any assembly definition file.
Script 'Packages/com.unity.ai.navigation/Tests/Runtime/NavMeshSurfaceBuildFromAwake.cs' will not be compiled because it exists outside the Assets folder and does not to belong to any assembly definition file.
Script 'Packages/com.unity.ai.navigation/Runtime/AssemblyInfo.cs' will not be compiled because it exists outside the Assets folder and does not to belong to any assembly definition file.
Script 'Packages/com.unity.ai.navigation/Runtime/HelpUrls.cs' will not be compiled because it exists outside the Assets folder and does not to belong to any assembly definition file.
Script 'Packages/com.unity.ai.navigation/Runtime/NavMeshLink.deprecated.cs' will not be compiled because it exists outside the Assets folder and does not to belong to any assembly definition file.
Mono: successfully reloaded assembly
- Finished resetting the current domain, in  0.430 seconds
Domain Reload Profiling: 1071ms
	BeginReloadAssembly (228ms)
		ExecutionOrderSort (0ms)
		DisableScriptedObjects (7ms)
		BackupInstance (0ms)
		ReleaseScriptingObjects (1ms)
		CreateAndSetChildDomain (107ms)
	RebuildCommonClasses (28ms)
	RebuildNativeTypeToScriptingClass (9ms)
	initialDomainReloadingComplete (19ms)
	LoadAllAssembliesAndSetupDomain (356ms)
		LoadAssemblies (201ms)
		RebuildTransferFunctionScriptingTraits (0ms)
		AnalyzeDomain (211ms)
			TypeCache.Refresh (42ms)
				TypeCache.ScanAssembly (0ms)
			BuildScriptInfoCaches (161ms)
			ResolveRequiredComponents (4ms)
	FinalizeReload (431ms)
		ReleaseScriptCaches (0ms)
		RebuildScriptCaches (0ms)
		SetupLoadedEditorAssemblies (350ms)
			LogAssemblyErrors (0ms)
			InitializePlatformSupportModulesInManaged (3ms)
			SetLoadedEditorAssemblies (3ms)
			BeforeProcessingInitializeOnLoad (67ms)
			ProcessInitializeOnLoadAttributes (262ms)
			ProcessInitializeOnLoadMethodAttributes (14ms)
			AfterProcessingInitializeOnLoad (1ms)
			EditorAssembliesLoaded (0ms)
		ExecutionOrderSort2 (0ms)
		AwakeInstancesAfterBackupRestoration (2ms)
Refreshing native plugins compatible for Editor in 0.55 ms, found 2 plugins.
Preloading 0 native plugins for Editor in 0.00 ms.
Unloading 0 Unused Serialized files (Serialized files now loaded: 0)
Unloading 3415 unused Assets / (391.4 KB). Loaded Objects now: 3924.
Memory consumption went from 141.7 MB to 141.4 MB.
Total: 6.034000 ms (FindLiveObjects: 0.645125 ms CreateObjectMapping: 0.078125 ms MarkObjects: 4.758000 ms  DeleteObjects: 0.551791 ms)

Prepare: number of updated asset objects reloaded= 0
========================================================================
Received Prepare
Refreshing native plugins compatible for Editor in 0.58 ms, found 2 plugins.
Preloading 0 native plugins for Editor in 0.00 ms.
Unloading 0 Unused Serialized files (Serialized files now loaded: 0)
Unloading 3460 unused Assets / (2.0 MB). Loaded Objects now: 3975.
Memory consumption went from 141.6 MB to 139.7 MB.
Total: 44.212875 ms (FindLiveObjects: 0.753750 ms CreateObjectMapping: 0.210708 ms MarkObjects: 42.261875 ms  DeleteObjects: 0.985667 ms)

Prepare: number of updated asset objects reloaded= 0
========================================================================
Received Prepare
Refreshing native plugins compatible for Editor in 0.27 ms, found 2 plugins.
Preloading 0 native plugins for Editor in 0.00 ms.
Unloading 0 Unused Serialized files (Serialized files now loaded: 0)
Unloading 3460 unused Assets / (334.9 KB). Loaded Objects now: 3975.
Memory consumption went from 141.3 MB to 140.9 MB.
Total: 18.347958 ms (FindLiveObjects: 0.226542 ms CreateObjectMapping: 0.068708 ms MarkObjects: 17.560375 ms  DeleteObjects: 0.492166 ms)

Prepare: number of updated asset objects reloaded= 0
========================================================================
Received Prepare
ArgumentException: An item with the same key has already been added. Key: 8c4dd21966739024fbd72155091d199e
  at System.Collections.Generic.Dictionary`2[TKey,TValue].TryInsert (TKey key, TValue value, System.Collections.Generic.InsertionBehavior behavior) [0x0015a] in <3aacbe608a2f468eb6bb1c15e219490d>:0 
  at System.Collections.Generic.Dictionary`2[TKey,TValue].Add (TKey key, TValue value) [0x00000] in <3aacbe608a2f468eb6bb1c15e219490d>:0 
  at System.Linq.Enumerable.ToDictionary[TSource,TKey,TElement] (TSource[] source, System.Func`2[T,TResult] keySelector, System.Func`2[T,TResult] elementSelector, System.Collections.Generic.IEqualityComparer`1[T] comparer) [0x00029] in <705d087bf4254af9b48f07cfba1c906e>:0 
  at System.Linq.Enumerable.ToDictionary[TSource,TKey,TElement] (System.Collections.Generic.IEnumerable`1[T] source, System.Func`2[T,TResult] keySelector, System.Func`2[T,TResult] elementSelector, System.Collections.Generic.IEqualityComparer`1[T] comparer) [0x00051] in <705d087bf4254af9b48f07cfba1c906e>:0 
  at System.Linq.Enumerable.ToDictionary[TSource,TKey,TElement] (System.Collections.Generic.IEnumerable`1[T] source, System.Func`2[T,TResult] keySelector, System.Func`2[T,TResult] elementSelector) [0x00000] in <705d087bf4254af9b48f07cfba1c906e>:0 
  at UnityEditor.Scripting.ScriptCompilation.AssemblyGraphBuilder.Initialize (System.Collections.Generic.IReadOnlyCollection`1[T] assemblies, System.Collections.Generic.IReadOnlyCollection`1[T] customScriptAssemblyReferences) [0x00046] in /Users/bokken/build/output/unity/unity/Editor/Mono/Scripting/ScriptCompilation/AssemblyGraphBuilder.cs:85 
  at UnityEditor.Scripting.ScriptCompilation.AssemblyGraphBuilderFactory.GetOrCreate (System.String projectPath, System.Collections.Generic.IReadOnlyCollection`1[T] assemblies, System.Collections.Generic.IReadOnlyCollection`1[T] customScriptAssemblyReferences) [0x00038] in /Users/bokken/build/output/unity/unity/Editor/Mono/Scripting/ScriptCompilation/AssemblyGraphBuilderFactory.cs:54 
  at UnityEditor.Scripting.ScriptCompilation.EditorCompilation.GetAssemblyGraphBuilder () [0x00001] in /Users/bokken/build/output/unity/unity/Editor/Mono/Scripting/ScriptCompilation/EditorCompilation.cs:169 
  at UnityEditor.Scripting.ScriptCompilation.EditorCompilation.SetAllScripts (System.String[] allScripts) [0x0000d] in /Users/bokken/build/output/unity/unity/Editor/Mono/Scripting/ScriptCompilation/EditorCompilation.cs:177 
  at UnityEditor.Scripting.ScriptCompilation.EditorCompilationInterface.SetAllScripts (System.String[] allScripts) [0x00001] in /Users/bokken/build/output/unity/unity/Editor/Mono/Scripting/ScriptCompilation/EditorCompilationInterface.cs:79 

(Filename: /Users/bokken/build/output/unity/unity/Editor/Mono/Scripting/ScriptCompilation/AssemblyGraphBuilder.cs Line: 85)

ArgumentException: An item with the same key has already been added. Key: 8c4dd21966739024fbd72155091d199e
  at System.Collections.Generic.Dictionary`2[TKey,TValue].TryInsert (TKey key, TValue value, System.Collections.Generic.InsertionBehavior behavior) [0x0015a] in <3aacbe608a2f468eb6bb1c15e219490d>:0 
  at System.Collections.Generic.Dictionary`2[TKey,TValue].Add (TKey key, TValue value) [0x00000] in <3aacbe608a2f468eb6bb1c15e219490d>:0 
  at System.Linq.Enumerable.ToDictionary[TSource,TKey,TElement] (TSource[] source, System.Func`2[T,TResult] keySelector, System.Func`2[T,TResult] elementSelector, System.Collections.Generic.IEqualityComparer`1[T] comparer) [0x00029] in <705d087bf4254af9b48f07cfba1c906e>:0 
  at System.Linq.Enumerable.ToDictionary[TSource,TKey,TElement] (System.Collections.Generic.IEnumerable`1[T] source, System.Func`2[T,TResult] keySelector, System.Func`2[T,TResult] elementSelector, System.Collections.Generic.IEqualityComparer`1[T] comparer) [0x00051] in <705d087bf4254af9b48f07cfba1c906e>:0 
  at System.Linq.Enumerable.ToDictionary[TSource,TKey,TElement] (System.Collections.Generic.IEnumerable`1[T] source, System.Func`2[T,TResult] keySelector, System.Func`2[T,TResult] elementSelector) [0x00000] in <705d087bf4254af9b48f07cfba1c906e>:0 
  at UnityEditor.Scripting.ScriptCompilation.AssemblyGraphBuilder.Initialize (System.Collections.Generic.IReadOnlyCollection`1[T] assemblies, System.Collections.Generic.IReadOnlyCollection`1[T] customScriptAssemblyReferences) [0x00046] in /Users/bokken/build/output/unity/unity/Editor/Mono/Scripting/ScriptCompilation/AssemblyGraphBuilder.cs:85 
  at UnityEditor.Scripting.ScriptCompilation.AssemblyGraphBuilderFactory.GetOrCreate (System.String projectPath, System.Collections.Generic.IReadOnlyCollection`1[T] assemblies, System.Collections.Generic.IReadOnlyCollection`1[T] customScriptAssemblyReferences) [0x00038] in /Users/bokken/build/output/unity/unity/Editor/Mono/Scripting/ScriptCompilation/AssemblyGraphBuilderFactory.cs:54 
  at UnityEditor.Scripting.ScriptCompilation.EditorCompilation.GetAssemblyGraphBuilder () [0x00001] in /Users/bokken/build/output/unity/unity/Editor/Mono/Scripting/ScriptCompilation/EditorCompilation.cs:169 
  at UnityEditor.Scripting.ScriptCompilation.EditorCompilation.SetAllScripts (System.String[] allScripts) [0x0000d] in /Users/bokken/build/output/unity/unity/Editor/Mono/Scripting/ScriptCompilation/EditorCompilation.cs:177 
  at UnityEditor.Scripting.ScriptCompilation.EditorCompilationInterface.SetAllScripts (System.String[] allScripts) [0x00001] in /Users/bokken/build/output/unity/unity/Editor/Mono/Scripting/ScriptCompilation/EditorCompilationInterface.cs:79 

(Filename: /Users/bokken/build/output/unity/unity/Editor/Mono/Scripting/ScriptCompilation/AssemblyGraphBuilder.cs Line: 85)

Begin MonoManager ReloadAssembly
Thread 0x16bb23000 may have been prematurely finalized
- Loaded All Assemblies, in  0.503 seconds
ArgumentException: An item with the same key has already been added. Key: 8c4dd21966739024fbd72155091d199e
  at System.Collections.Generic.Dictionary`2[TKey,TValue].TryInsert (TKey key, TValue value, System.Collections.Generic.InsertionBehavior behavior) [0x0015a] in <3aacbe608a2f468eb6bb1c15e219490d>:0 
  at System.Collections.Generic.Dictionary`2[TKey,TValue].Add (TKey key, TValue value) [0x00000] in <3aacbe608a2f468eb6bb1c15e219490d>:0 
  at System.Linq.Enumerable.ToDictionary[TSource,TKey,TElement] (TSource[] source, System.Func`2[T,TResult] keySelector, System.Func`2[T,TResult] elementSelector, System.Collections.Generic.IEqualityComparer`1[T] comparer) [0x00029] in <705d087bf4254af9b48f07cfba1c906e>:0 
  at System.Linq.Enumerable.ToDictionary[TSource,TKey,TElement] (System.Collections.Generic.IEnumerable`1[T] source, System.Func`2[T,TResult] keySelector, System.Func`2[T,TResult] elementSelector, System.Collections.Generic.IEqualityComparer`1[T] comparer) [0x00051] in <705d087bf4254af9b48f07cfba1c906e>:0 
  at System.Linq.Enumerable.ToDictionary[TSource,TKey,TElement] (System.Collections.Generic.IEnumerable`1[T] source, System.Func`2[T,TResult] keySelector, System.Func`2[T,TResult] elementSelector) [0x00000] in <705d087bf4254af9b48f07cfba1c906e>:0 
  at UnityEditor.Scripting.ScriptCompilation.AssemblyGraphBuilder.Initialize (System.Collections.Generic.IReadOnlyCollection`1[T] assemblies, System.Collections.Generic.IReadOnlyCollection`1[T] customScriptAssemblyReferences) [0x00046] in /Users/bokken/build/output/unity/unity/Editor/Mono/Scripting/ScriptCompilation/AssemblyGraphBuilder.cs:85 
  at UnityEditor.Scripting.ScriptCompilation.AssemblyGraphBuilderFactory.GetOrCreate (System.String projectPath, System.Collections.Generic.IReadOnlyCollection`1[T] assemblies, System.Collections.Generic.IReadOnlyCollection`1[T] customScriptAssemblyReferences) [0x00038] in /Users/bokken/build/output/unity/unity/Editor/Mono/Scripting/ScriptCompilation/AssemblyGraphBuilderFactory.cs:54 
  at UnityEditor.Scripting.ScriptCompilation.EditorCompilation.GetAssemblyGraphBuilder () [0x00001] in /Users/bokken/build/output/unity/unity/Editor/Mono/Scripting/ScriptCompilation/EditorCompilation.cs:169 
  at UnityEditor.Scripting.ScriptCompilation.EditorCompilation.SetAllScripts (System.String[] allScripts) [0x0000d] in /Users/bokken/build/output/unity/unity/Editor/Mono/Scripting/ScriptCompilation/EditorCompilation.cs:177 
  at UnityEditor.Scripting.ScriptCompilation.EditorCompilationInterface.SetAllScripts (System.String[] allScripts) [0x00001] in /Users/bokken/build/output/unity/unity/Editor/Mono/Scripting/ScriptCompilation/EditorCompilationInterface.cs:79 

(Filename: /Users/bokken/build/output/unity/unity/Editor/Mono/Scripting/ScriptCompilation/AssemblyGraphBuilder.cs Line: 85)

Refreshing native plugins compatible for Editor in 0.19 ms, found 2 plugins.
Native extension for OSXStandalone target not found
ArgumentException: An item with the same key has already been added. Key: 8c4dd21966739024fbd72155091d199e
  at System.Collections.Generic.Dictionary`2[TKey,TValue].TryInsert (TKey key, TValue value, System.Collections.Generic.InsertionBehavior behavior) [0x0015a] in <3aacbe608a2f468eb6bb1c15e219490d>:0 
  at System.Collections.Generic.Dictionary`2[TKey,TValue].Add (TKey key, TValue value) [0x00000] in <3aacbe608a2f468eb6bb1c15e219490d>:0 
  at System.Linq.Enumerable.ToDictionary[TSource,TKey,TElement] (TSource[] source, System.Func`2[T,TResult] keySelector, System.Func`2[T,TResult] elementSelector, System.Collections.Generic.IEqualityComparer`1[T] comparer) [0x00029] in <705d087bf4254af9b48f07cfba1c906e>:0 
  at System.Linq.Enumerable.ToDictionary[TSource,TKey,TElement] (System.Collections.Generic.IEnumerable`1[T] source, System.Func`2[T,TResult] keySelector, System.Func`2[T,TResult] elementSelector, System.Collections.Generic.IEqualityComparer`1[T] comparer) [0x00051] in <705d087bf4254af9b48f07cfba1c906e>:0 
  at System.Linq.Enumerable.ToDictionary[TSource,TKey,TElement] (System.Collections.Generic.IEnumerable`1[T] source, System.Func`2[T,TResult] keySelector, System.Func`2[T,TResult] elementSelector) [0x00000] in <705d087bf4254af9b48f07cfba1c906e>:0 
  at UnityEditor.Scripting.ScriptCompilation.AssemblyGraphBuilder.Initialize (System.Collections.Generic.IReadOnlyCollection`1[T] assemblies, System.Collections.Generic.IReadOnlyCollection`1[T] customScriptAssemblyReferences) [0x00046] in /Users/bokken/build/output/unity/unity/Editor/Mono/Scripting/ScriptCompilation/AssemblyGraphBuilder.cs:85 
  at UnityEditor.Scripting.ScriptCompilation.AssemblyGraphBuilderFactory.GetOrCreate (System.String projectPath, System.Collections.Generic.IReadOnlyCollection`1[T] assemblies, System.Collections.Generic.IReadOnlyCollection`1[T] customScriptAssemblyReferences) [0x00038] in /Users/bokken/build/output/unity/unity/Editor/Mono/Scripting/ScriptCompilation/AssemblyGraphBuilderFactory.cs:54 
  at UnityEditor.Scripting.ScriptCompilation.EditorCompilation.GetAssemblyGraphBuilder () [0x00001] in /Users/bokken/build/output/unity/unity/Editor/Mono/Scripting/ScriptCompilation/EditorCompilation.cs:169 
  at UnityEditor.Scripting.ScriptCompilation.EditorCompilation.SetAllScripts (System.String[] allScripts) [0x0000d] in /Users/bokken/build/output/unity/unity/Editor/Mono/Scripting/ScriptCompilation/EditorCompilation.cs:177 
  at UnityEditor.Scripting.ScriptCompilation.EditorCompilationInterface.SetAllScripts (System.String[] allScripts) [0x00001] in /Users/bokken/build/output/unity/unity/Editor/Mono/Scripting/ScriptCompilation/EditorCompilationInterface.cs:79 

(Filename: /Users/bokken/build/output/unity/unity/Editor/Mono/Scripting/ScriptCompilation/AssemblyGraphBuilder.cs Line: 85)

Mono: successfully reloaded assembly
- Finished resetting the current domain, in  0.311 seconds
Domain Reload Profiling: 815ms
	BeginReloadAssembly (187ms)
		ExecutionOrderSort (0ms)
		DisableScriptedObjects (5ms)
		BackupInstance (0ms)
		ReleaseScriptingObjects (0ms)
		CreateAndSetChildDomain (83ms)
	RebuildCommonClasses (30ms)
	RebuildNativeTypeToScriptingClass (9ms)
	initialDomainReloadingComplete (14ms)
	LoadAllAssembliesAndSetupDomain (264ms)
		LoadAssemblies (198ms)
		RebuildTransferFunctionScriptingTraits (0ms)
		AnalyzeDomain (124ms)
			TypeCache.Refresh (16ms)
				TypeCache.ScanAssembly (1ms)
			BuildScriptInfoCaches (102ms)
			ResolveRequiredComponents (4ms)
	FinalizeReload (311ms)
		ReleaseScriptCaches (0ms)
		RebuildScriptCaches (0ms)
		SetupLoadedEditorAssemblies (241ms)
			LogAssemblyErrors (0ms)
			InitializePlatformSupportModulesInManaged (2ms)
			SetLoadedEditorAssemblies (2ms)
			BeforeProcessingInitializeOnLoad (40ms)
			ProcessInitializeOnLoadAttributes (183ms)
			ProcessInitializeOnLoadMethodAttributes (13ms)
			AfterProcessingInitializeOnLoad (1ms)
			EditorAssembliesLoaded (0ms)
		ExecutionOrderSort2 (0ms)
		AwakeInstancesAfterBackupRestoration (2ms)
Refreshing native plugins compatible for Editor in 0.26 ms, found 2 plugins.
Preloading 0 native plugins for Editor in 0.00 ms.
Unloading 0 Unused Serialized files (Serialized files now loaded: 0)
Unloading 3466 unused Assets / (0.8 MB). Loaded Objects now: 3975.
Memory consumption went from 148.5 MB to 147.7 MB.
Total: 3.989542 ms (FindLiveObjects: 0.194834 ms CreateObjectMapping: 0.117666 ms MarkObjects: 3.186792 ms  DeleteObjects: 0.489958 ms)

Prepare: number of updated asset objects reloaded= 0
========================================================================
Received Prepare
ArgumentException: An item with the same key has already been added. Key: 8c4dd21966739024fbd72155091d199e
  at System.Collections.Generic.Dictionary`2[TKey,TValue].TryInsert (TKey key, TValue value, System.Collections.Generic.InsertionBehavior behavior) [0x0015a] in <3aacbe608a2f468eb6bb1c15e219490d>:0 
  at System.Collections.Generic.Dictionary`2[TKey,TValue].Add (TKey key, TValue value) [0x00000] in <3aacbe608a2f468eb6bb1c15e219490d>:0 
  at System.Linq.Enumerable.ToDictionary[TSource,TKey,TElement] (TSource[] source, System.Func`2[T,TResult] keySelector, System.Func`2[T,TResult] elementSelector, System.Collections.Generic.IEqualityComparer`1[T] comparer) [0x00029] in <705d087bf4254af9b48f07cfba1c906e>:0 
  at System.Linq.Enumerable.ToDictionary[TSource,TKey,TElement] (System.Collections.Generic.IEnumerable`1[T] source, System.Func`2[T,TResult] keySelector, System.Func`2[T,TResult] elementSelector, System.Collections.Generic.IEqualityComparer`1[T] comparer) [0x00051] in <705d087bf4254af9b48f07cfba1c906e>:0 
  at System.Linq.Enumerable.ToDictionary[TSource,TKey,TElement] (System.Collections.Generic.IEnumerable`1[T] source, System.Func`2[T,TResult] keySelector, System.Func`2[T,TResult] elementSelector) [0x00000] in <705d087bf4254af9b48f07cfba1c906e>:0 
  at UnityEditor.Scripting.ScriptCompilation.AssemblyGraphBuilder.Initialize (System.Collections.Generic.IReadOnlyCollection`1[T] assemblies, System.Collections.Generic.IReadOnlyCollection`1[T] customScriptAssemblyReferences) [0x00046] in /Users/bokken/build/output/unity/unity/Editor/Mono/Scripting/ScriptCompilation/AssemblyGraphBuilder.cs:85 
  at UnityEditor.Scripting.ScriptCompilation.AssemblyGraphBuilderFactory.GetOrCreate (System.String projectPath, System.Collections.Generic.IReadOnlyCollection`1[T] assemblies, System.Collections.Generic.IReadOnlyCollection`1[T] customScriptAssemblyReferences) [0x00038] in /Users/bokken/build/output/unity/unity/Editor/Mono/Scripting/ScriptCompilation/AssemblyGraphBuilderFactory.cs:54 
  at UnityEditor.Scripting.ScriptCompilation.EditorCompilation.GetAssemblyGraphBuilder () [0x00001] in /Users/bokken/build/output/unity/unity/Editor/Mono/Scripting/ScriptCompilation/EditorCompilation.cs:169 
  at UnityEditor.Scripting.ScriptCompilation.EditorCompilation.SetAllScripts (System.String[] allScripts) [0x0000d] in /Users/bokken/build/output/unity/unity/Editor/Mono/Scripting/ScriptCompilation/EditorCompilation.cs:177 
  at UnityEditor.Scripting.ScriptCompilation.EditorCompilationInterface.SetAllScripts (System.String[] allScripts) [0x00001] in /Users/bokken/build/output/unity/unity/Editor/Mono/Scripting/ScriptCompilation/EditorCompilationInterface.cs:79 

(Filename: /Users/bokken/build/output/unity/unity/Editor/Mono/Scripting/ScriptCompilation/AssemblyGraphBuilder.cs Line: 85)

ArgumentException: An item with the same key has already been added. Key: 8c4dd21966739024fbd72155091d199e
  at System.Collections.Generic.Dictionary`2[TKey,TValue].TryInsert (TKey key, TValue value, System.Collections.Generic.InsertionBehavior behavior) [0x0015a] in <3aacbe608a2f468eb6bb1c15e219490d>:0 
  at System.Collections.Generic.Dictionary`2[TKey,TValue].Add (TKey key, TValue value) [0x00000] in <3aacbe608a2f468eb6bb1c15e219490d>:0 
  at System.Linq.Enumerable.ToDictionary[TSource,TKey,TElement] (TSource[] source, System.Func`2[T,TResult] keySelector, System.Func`2[T,TResult] elementSelector, System.Collections.Generic.IEqualityComparer`1[T] comparer) [0x00029] in <705d087bf4254af9b48f07cfba1c906e>:0 
  at System.Linq.Enumerable.ToDictionary[TSource,TKey,TElement] (System.Collections.Generic.IEnumerable`1[T] source, System.Func`2[T,TResult] keySelector, System.Func`2[T,TResult] elementSelector, System.Collections.Generic.IEqualityComparer`1[T] comparer) [0x00051] in <705d087bf4254af9b48f07cfba1c906e>:0 
  at System.Linq.Enumerable.ToDictionary[TSource,TKey,TElement] (System.Collections.Generic.IEnumerable`1[T] source, System.Func`2[T,TResult] keySelector, System.Func`2[T,TResult] elementSelector) [0x00000] in <705d087bf4254af9b48f07cfba1c906e>:0 
  at UnityEditor.Scripting.ScriptCompilation.AssemblyGraphBuilder.Initialize (System.Collections.Generic.IReadOnlyCollection`1[T] assemblies, System.Collections.Generic.IReadOnlyCollection`1[T] customScriptAssemblyReferences) [0x00046] in /Users/bokken/build/output/unity/unity/Editor/Mono/Scripting/ScriptCompilation/AssemblyGraphBuilder.cs:85 
  at UnityEditor.Scripting.ScriptCompilation.AssemblyGraphBuilderFactory.GetOrCreate (System.String projectPath, System.Collections.Generic.IReadOnlyCollection`1[T] assemblies, System.Collections.Generic.IReadOnlyCollection`1[T] customScriptAssemblyReferences) [0x00038] in /Users/bokken/build/output/unity/unity/Editor/Mono/Scripting/ScriptCompilation/AssemblyGraphBuilderFactory.cs:54 
  at UnityEditor.Scripting.ScriptCompilation.EditorCompilation.GetAssemblyGraphBuilder () [0x00001] in /Users/bokken/build/output/unity/unity/Editor/Mono/Scripting/ScriptCompilation/EditorCompilation.cs:169 
  at UnityEditor.Scripting.ScriptCompilation.EditorCompilation.SetAllScripts (System.String[] allScripts) [0x0000d] in /Users/bokken/build/output/unity/unity/Editor/Mono/Scripting/ScriptCompilation/EditorCompilation.cs:177 
  at UnityEditor.Scripting.ScriptCompilation.EditorCompilationInterface.SetAllScripts (System.String[] allScripts) [0x00001] in /Users/bokken/build/output/unity/unity/Editor/Mono/Scripting/ScriptCompilation/EditorCompilationInterface.cs:79 

(Filename: /Users/bokken/build/output/unity/unity/Editor/Mono/Scripting/ScriptCompilation/AssemblyGraphBuilder.cs Line: 85)

Begin MonoManager ReloadAssembly
Thread 0x16bb23000 may have been prematurely finalized
- Loaded All Assemblies, in  0.367 seconds
ArgumentException: An item with the same key has already been added. Key: 8c4dd21966739024fbd72155091d199e
  at System.Collections.Generic.Dictionary`2[TKey,TValue].TryInsert (TKey key, TValue value, System.Collections.Generic.InsertionBehavior behavior) [0x0015a] in <3aacbe608a2f468eb6bb1c15e219490d>:0 
  at System.Collections.Generic.Dictionary`2[TKey,TValue].Add (TKey key, TValue value) [0x00000] in <3aacbe608a2f468eb6bb1c15e219490d>:0 
  at System.Linq.Enumerable.ToDictionary[TSource,TKey,TElement] (TSource[] source, System.Func`2[T,TResult] keySelector, System.Func`2[T,TResult] elementSelector, System.Collections.Generic.IEqualityComparer`1[T] comparer) [0x00029] in <705d087bf4254af9b48f07cfba1c906e>:0 
  at System.Linq.Enumerable.ToDictionary[TSource,TKey,TElement] (System.Collections.Generic.IEnumerable`1[T] source, System.Func`2[T,TResult] keySelector, System.Func`2[T,TResult] elementSelector, System.Collections.Generic.IEqualityComparer`1[T] comparer) [0x00051] in <705d087bf4254af9b48f07cfba1c906e>:0 
  at System.Linq.Enumerable.ToDictionary[TSource,TKey,TElement] (System.Collections.Generic.IEnumerable`1[T] source, System.Func`2[T,TResult] keySelector, System.Func`2[T,TResult] elementSelector) [0x00000] in <705d087bf4254af9b48f07cfba1c906e>:0 
  at UnityEditor.Scripting.ScriptCompilation.AssemblyGraphBuilder.Initialize (System.Collections.Generic.IReadOnlyCollection`1[T] assemblies, System.Collections.Generic.IReadOnlyCollection`1[T] customScriptAssemblyReferences) [0x00046] in /Users/bokken/build/output/unity/unity/Editor/Mono/Scripting/ScriptCompilation/AssemblyGraphBuilder.cs:85 
  at UnityEditor.Scripting.ScriptCompilation.AssemblyGraphBuilderFactory.GetOrCreate (System.String projectPath, System.Collections.Generic.IReadOnlyCollection`1[T] assemblies, System.Collections.Generic.IReadOnlyCollection`1[T] customScriptAssemblyReferences) [0x00038] in /Users/bokken/build/output/unity/unity/Editor/Mono/Scripting/ScriptCompilation/AssemblyGraphBuilderFactory.cs:54 
  at UnityEditor.Scripting.ScriptCompilation.EditorCompilation.GetAssemblyGraphBuilder () [0x00001] in /Users/bokken/build/output/unity/unity/Editor/Mono/Scripting/ScriptCompilation/EditorCompilation.cs:169 
  at UnityEditor.Scripting.ScriptCompilation.EditorCompilation.SetAllScripts (System.String[] allScripts) [0x0000d] in /Users/bokken/build/output/unity/unity/Editor/Mono/Scripting/ScriptCompilation/EditorCompilation.cs:177 
  at UnityEditor.Scripting.ScriptCompilation.EditorCompilationInterface.SetAllScripts (System.String[] allScripts) [0x00001] in /Users/bokken/build/output/unity/unity/Editor/Mono/Scripting/ScriptCompilation/EditorCompilationInterface.cs:79 

(Filename: /Users/bokken/build/output/unity/unity/Editor/Mono/Scripting/ScriptCompilation/AssemblyGraphBuilder.cs Line: 85)

Refreshing native plugins compatible for Editor in 0.19 ms, found 2 plugins.
Native extension for OSXStandalone target not found
ArgumentException: An item with the same key has already been added. Key: 8c4dd21966739024fbd72155091d199e
  at System.Collections.Generic.Dictionary`2[TKey,TValue].TryInsert (TKey key, TValue value, System.Collections.Generic.InsertionBehavior behavior) [0x0015a] in <3aacbe608a2f468eb6bb1c15e219490d>:0 
  at System.Collections.Generic.Dictionary`2[TKey,TValue].Add (TKey key, TValue value) [0x00000] in <3aacbe608a2f468eb6bb1c15e219490d>:0 
  at System.Linq.Enumerable.ToDictionary[TSource,TKey,TElement] (TSource[] source, System.Func`2[T,TResult] keySelector, System.Func`2[T,TResult] elementSelector, System.Collections.Generic.IEqualityComparer`1[T] comparer) [0x00029] in <705d087bf4254af9b48f07cfba1c906e>:0 
  at System.Linq.Enumerable.ToDictionary[TSource,TKey,TElement] (System.Collections.Generic.IEnumerable`1[T] source, System.Func`2[T,TResult] keySelector, System.Func`2[T,TResult] elementSelector, System.Collections.Generic.IEqualityComparer`1[T] comparer) [0x00051] in <705d087bf4254af9b48f07cfba1c906e>:0 
  at System.Linq.Enumerable.ToDictionary[TSource,TKey,TElement] (System.Collections.Generic.IEnumerable`1[T] source, System.Func`2[T,TResult] keySelector, System.Func`2[T,TResult] elementSelector) [0x00000] in <705d087bf4254af9b48f07cfba1c906e>:0 
  at UnityEditor.Scripting.ScriptCompilation.AssemblyGraphBuilder.Initialize (System.Collections.Generic.IReadOnlyCollection`1[T] assemblies, System.Collections.Generic.IReadOnlyCollection`1[T] customScriptAssemblyReferences) [0x00046] in /Users/bokken/build/output/unity/unity/Editor/Mono/Scripting/ScriptCompilation/AssemblyGraphBuilder.cs:85 
  at UnityEditor.Scripting.ScriptCompilation.AssemblyGraphBuilderFactory.GetOrCreate (System.String projectPath, System.Collections.Generic.IReadOnlyCollection`1[T] assemblies, System.Collections.Generic.IReadOnlyCollection`1[T] customScriptAssemblyReferences) [0x00038] in /Users/bokken/build/output/unity/unity/Editor/Mono/Scripting/ScriptCompilation/AssemblyGraphBuilderFactory.cs:54 
  at UnityEditor.Scripting.ScriptCompilation.EditorCompilation.GetAssemblyGraphBuilder () [0x00001] in /Users/bokken/build/output/unity/unity/Editor/Mono/Scripting/ScriptCompilation/EditorCompilation.cs:169 
  at UnityEditor.Scripting.ScriptCompilation.EditorCompilation.SetAllScripts (System.String[] allScripts) [0x0000d] in /Users/bokken/build/output/unity/unity/Editor/Mono/Scripting/ScriptCompilation/EditorCompilation.cs:177 
  at UnityEditor.Scripting.ScriptCompilation.EditorCompilationInterface.SetAllScripts (System.String[] allScripts) [0x00001] in /Users/bokken/build/output/unity/unity/Editor/Mono/Scripting/ScriptCompilation/EditorCompilationInterface.cs:79 

(Filename: /Users/bokken/build/output/unity/unity/Editor/Mono/Scripting/ScriptCompilation/AssemblyGraphBuilder.cs Line: 85)

Mono: successfully reloaded assembly
- Finished resetting the current domain, in  0.385 seconds
Domain Reload Profiling: 753ms
	BeginReloadAssembly (121ms)
		ExecutionOrderSort (0ms)
		DisableScriptedObjects (6ms)
		BackupInstance (0ms)
		ReleaseScriptingObjects (0ms)
		CreateAndSetChildDomain (49ms)
	RebuildCommonClasses (24ms)
	RebuildNativeTypeToScriptingClass (9ms)
	initialDomainReloadingComplete (15ms)
	LoadAllAssembliesAndSetupDomain (199ms)
		LoadAssemblies (138ms)
		RebuildTransferFunctionScriptingTraits (0ms)
		AnalyzeDomain (97ms)
			TypeCache.Refresh (7ms)
				TypeCache.ScanAssembly (0ms)
			BuildScriptInfoCaches (86ms)
			ResolveRequiredComponents (3ms)
	FinalizeReload (385ms)
		ReleaseScriptCaches (0ms)
		RebuildScriptCaches (0ms)
		SetupLoadedEditorAssemblies (309ms)
			LogAssemblyErrors (0ms)
			InitializePlatformSupportModulesInManaged (2ms)
			SetLoadedEditorAssemblies (3ms)
			BeforeProcessingInitializeOnLoad (55ms)
			ProcessInitializeOnLoadAttributes (235ms)
			ProcessInitializeOnLoadMethodAttributes (13ms)
			AfterProcessingInitializeOnLoad (1ms)
			EditorAssembliesLoaded (0ms)
		ExecutionOrderSort2 (0ms)
		AwakeInstancesAfterBackupRestoration (2ms)
Refreshing native plugins compatible for Editor in 0.25 ms, found 2 plugins.
Preloading 0 native plugins for Editor in 0.00 ms.
Unloading 0 Unused Serialized files (Serialized files now loaded: 0)
Unloading 3466 unused Assets / (224.9 KB). Loaded Objects now: 3975.
Memory consumption went from 155.8 MB to 155.6 MB.
Total: 4.727458 ms (FindLiveObjects: 0.331584 ms CreateObjectMapping: 0.077541 ms MarkObjects: 3.829042 ms  DeleteObjects: 0.488625 ms)

Prepare: number of updated asset objects reloaded= 0
========================================================================
Received Prepare
ArgumentException: An item with the same key has already been added. Key: 8c4dd21966739024fbd72155091d199e
  at System.Collections.Generic.Dictionary`2[TKey,TValue].TryInsert (TKey key, TValue value, System.Collections.Generic.InsertionBehavior behavior) [0x0015a] in <3aacbe608a2f468eb6bb1c15e219490d>:0 
  at System.Collections.Generic.Dictionary`2[TKey,TValue].Add (TKey key, TValue value) [0x00000] in <3aacbe608a2f468eb6bb1c15e219490d>:0 
  at System.Linq.Enumerable.ToDictionary[TSource,TKey,TElement] (TSource[] source, System.Func`2[T,TResult] keySelector, System.Func`2[T,TResult] elementSelector, System.Collections.Generic.IEqualityComparer`1[T] comparer) [0x00029] in <705d087bf4254af9b48f07cfba1c906e>:0 
  at System.Linq.Enumerable.ToDictionary[TSource,TKey,TElement] (System.Collections.Generic.IEnumerable`1[T] source, System.Func`2[T,TResult] keySelector, System.Func`2[T,TResult] elementSelector, System.Collections.Generic.IEqualityComparer`1[T] comparer) [0x00051] in <705d087bf4254af9b48f07cfba1c906e>:0 
  at System.Linq.Enumerable.ToDictionary[TSource,TKey,TElement] (System.Collections.Generic.IEnumerable`1[T] source, System.Func`2[T,TResult] keySelector, System.Func`2[T,TResult] elementSelector) [0x00000] in <705d087bf4254af9b48f07cfba1c906e>:0 
  at UnityEditor.Scripting.ScriptCompilation.AssemblyGraphBuilder.Initialize (System.Collections.Generic.IReadOnlyCollection`1[T] assemblies, System.Collections.Generic.IReadOnlyCollection`1[T] customScriptAssemblyReferences) [0x00046] in /Users/bokken/build/output/unity/unity/Editor/Mono/Scripting/ScriptCompilation/AssemblyGraphBuilder.cs:85 
  at UnityEditor.Scripting.ScriptCompilation.AssemblyGraphBuilderFactory.GetOrCreate (System.String projectPath, System.Collections.Generic.IReadOnlyCollection`1[T] assemblies, System.Collections.Generic.IReadOnlyCollection`1[T] customScriptAssemblyReferences) [0x00038] in /Users/bokken/build/output/unity/unity/Editor/Mono/Scripting/ScriptCompilation/AssemblyGraphBuilderFactory.cs:54 
  at UnityEditor.Scripting.ScriptCompilation.EditorCompilation.GetAssemblyGraphBuilder () [0x00001] in /Users/bokken/build/output/unity/unity/Editor/Mono/Scripting/ScriptCompilation/EditorCompilation.cs:169 
  at UnityEditor.Scripting.ScriptCompilation.EditorCompilation.SetAllScripts (System.String[] allScripts) [0x0000d] in /Users/bokken/build/output/unity/unity/Editor/Mono/Scripting/ScriptCompilation/EditorCompilation.cs:177 
  at UnityEditor.Scripting.ScriptCompilation.EditorCompilationInterface.SetAllScripts (System.String[] allScripts) [0x00001] in /Users/bokken/build/output/unity/unity/Editor/Mono/Scripting/ScriptCompilation/EditorCompilationInterface.cs:79 

(Filename: /Users/bokken/build/output/unity/unity/Editor/Mono/Scripting/ScriptCompilation/AssemblyGraphBuilder.cs Line: 85)

ArgumentException: An item with the same key has already been added. Key: 8c4dd21966739024fbd72155091d199e
  at System.Collections.Generic.Dictionary`2[TKey,TValue].TryInsert (TKey key, TValue value, System.Collections.Generic.InsertionBehavior behavior) [0x0015a] in <3aacbe608a2f468eb6bb1c15e219490d>:0 
  at System.Collections.Generic.Dictionary`2[TKey,TValue].Add (TKey key, TValue value) [0x00000] in <3aacbe608a2f468eb6bb1c15e219490d>:0 
  at System.Linq.Enumerable.ToDictionary[TSource,TKey,TElement] (TSource[] source, System.Func`2[T,TResult] keySelector, System.Func`2[T,TResult] elementSelector, System.Collections.Generic.IEqualityComparer`1[T] comparer) [0x00029] in <705d087bf4254af9b48f07cfba1c906e>:0 
  at System.Linq.Enumerable.ToDictionary[TSource,TKey,TElement] (System.Collections.Generic.IEnumerable`1[T] source, System.Func`2[T,TResult] keySelector, System.Func`2[T,TResult] elementSelector, System.Collections.Generic.IEqualityComparer`1[T] comparer) [0x00051] in <705d087bf4254af9b48f07cfba1c906e>:0 
  at System.Linq.Enumerable.ToDictionary[TSource,TKey,TElement] (System.Collections.Generic.IEnumerable`1[T] source, System.Func`2[T,TResult] keySelector, System.Func`2[T,TResult] elementSelector) [0x00000] in <705d087bf4254af9b48f07cfba1c906e>:0 
  at UnityEditor.Scripting.ScriptCompilation.AssemblyGraphBuilder.Initialize (System.Collections.Generic.IReadOnlyCollection`1[T] assemblies, System.Collections.Generic.IReadOnlyCollection`1[T] customScriptAssemblyReferences) [0x00046] in /Users/bokken/build/output/unity/unity/Editor/Mono/Scripting/ScriptCompilation/AssemblyGraphBuilder.cs:85 
  at UnityEditor.Scripting.ScriptCompilation.AssemblyGraphBuilderFactory.GetOrCreate (System.String projectPath, System.Collections.Generic.IReadOnlyCollection`1[T] assemblies, System.Collections.Generic.IReadOnlyCollection`1[T] customScriptAssemblyReferences) [0x00038] in /Users/bokken/build/output/unity/unity/Editor/Mono/Scripting/ScriptCompilation/AssemblyGraphBuilderFactory.cs:54 
  at UnityEditor.Scripting.ScriptCompilation.EditorCompilation.GetAssemblyGraphBuilder () [0x00001] in /Users/bokken/build/output/unity/unity/Editor/Mono/Scripting/ScriptCompilation/EditorCompilation.cs:169 
  at UnityEditor.Scripting.ScriptCompilation.EditorCompilation.SetAllScripts (System.String[] allScripts) [0x0000d] in /Users/bokken/build/output/unity/unity/Editor/Mono/Scripting/ScriptCompilation/EditorCompilation.cs:177 
  at UnityEditor.Scripting.ScriptCompilation.EditorCompilationInterface.SetAllScripts (System.String[] allScripts) [0x00001] in /Users/bokken/build/output/unity/unity/Editor/Mono/Scripting/ScriptCompilation/EditorCompilationInterface.cs:79 

(Filename: /Users/bokken/build/output/unity/unity/Editor/Mono/Scripting/ScriptCompilation/AssemblyGraphBuilder.cs Line: 85)

Begin MonoManager ReloadAssembly
Thread 0x16bb23000 may have been prematurely finalized
- Loaded All Assemblies, in  0.384 seconds
ArgumentException: An item with the same key has already been added. Key: 8c4dd21966739024fbd72155091d199e
  at System.Collections.Generic.Dictionary`2[TKey,TValue].TryInsert (TKey key, TValue value, System.Collections.Generic.InsertionBehavior behavior) [0x0015a] in <3aacbe608a2f468eb6bb1c15e219490d>:0 
  at System.Collections.Generic.Dictionary`2[TKey,TValue].Add (TKey key, TValue value) [0x00000] in <3aacbe608a2f468eb6bb1c15e219490d>:0 
  at System.Linq.Enumerable.ToDictionary[TSource,TKey,TElement] (TSource[] source, System.Func`2[T,TResult] keySelector, System.Func`2[T,TResult] elementSelector, System.Collections.Generic.IEqualityComparer`1[T] comparer) [0x00029] in <705d087bf4254af9b48f07cfba1c906e>:0 
  at System.Linq.Enumerable.ToDictionary[TSource,TKey,TElement] (System.Collections.Generic.IEnumerable`1[T] source, System.Func`2[T,TResult] keySelector, System.Func`2[T,TResult] elementSelector, System.Collections.Generic.IEqualityComparer`1[T] comparer) [0x00051] in <705d087bf4254af9b48f07cfba1c906e>:0 
  at System.Linq.Enumerable.ToDictionary[TSource,TKey,TElement] (System.Collections.Generic.IEnumerable`1[T] source, System.Func`2[T,TResult] keySelector, System.Func`2[T,TResult] elementSelector) [0x00000] in <705d087bf4254af9b48f07cfba1c906e>:0 
  at UnityEditor.Scripting.ScriptCompilation.AssemblyGraphBuilder.Initialize (System.Collections.Generic.IReadOnlyCollection`1[T] assemblies, System.Collections.Generic.IReadOnlyCollection`1[T] customScriptAssemblyReferences) [0x00046] in /Users/bokken/build/output/unity/unity/Editor/Mono/Scripting/ScriptCompilation/AssemblyGraphBuilder.cs:85 
  at UnityEditor.Scripting.ScriptCompilation.AssemblyGraphBuilderFactory.GetOrCreate (System.String projectPath, System.Collections.Generic.IReadOnlyCollection`1[T] assemblies, System.Collections.Generic.IReadOnlyCollection`1[T] customScriptAssemblyReferences) [0x00038] in /Users/bokken/build/output/unity/unity/Editor/Mono/Scripting/ScriptCompilation/AssemblyGraphBuilderFactory.cs:54 
  at UnityEditor.Scripting.ScriptCompilation.EditorCompilation.GetAssemblyGraphBuilder () [0x00001] in /Users/bokken/build/output/unity/unity/Editor/Mono/Scripting/ScriptCompilation/EditorCompilation.cs:169 
  at UnityEditor.Scripting.ScriptCompilation.EditorCompilation.SetAllScripts (System.String[] allScripts) [0x0000d] in /Users/bokken/build/output/unity/unity/Editor/Mono/Scripting/ScriptCompilation/EditorCompilation.cs:177 
  at UnityEditor.Scripting.ScriptCompilation.EditorCompilationInterface.SetAllScripts (System.String[] allScripts) [0x00001] in /Users/bokken/build/output/unity/unity/Editor/Mono/Scripting/ScriptCompilation/EditorCompilationInterface.cs:79 

(Filename: /Users/bokken/build/output/unity/unity/Editor/Mono/Scripting/ScriptCompilation/AssemblyGraphBuilder.cs Line: 85)

Refreshing native plugins compatible for Editor in 0.20 ms, found 2 plugins.
Native extension for OSXStandalone target not found
ArgumentException: An item with the same key has already been added. Key: 8c4dd21966739024fbd72155091d199e
  at System.Collections.Generic.Dictionary`2[TKey,TValue].TryInsert (TKey key, TValue value, System.Collections.Generic.InsertionBehavior behavior) [0x0015a] in <3aacbe608a2f468eb6bb1c15e219490d>:0 
  at System.Collections.Generic.Dictionary`2[TKey,TValue].Add (TKey key, TValue value) [0x00000] in <3aacbe608a2f468eb6bb1c15e219490d>:0 
  at System.Linq.Enumerable.ToDictionary[TSource,TKey,TElement] (TSource[] source, System.Func`2[T,TResult] keySelector, System.Func`2[T,TResult] elementSelector, System.Collections.Generic.IEqualityComparer`1[T] comparer) [0x00029] in <705d087bf4254af9b48f07cfba1c906e>:0 
  at System.Linq.Enumerable.ToDictionary[TSource,TKey,TElement] (System.Collections.Generic.IEnumerable`1[T] source, System.Func`2[T,TResult] keySelector, System.Func`2[T,TResult] elementSelector, System.Collections.Generic.IEqualityComparer`1[T] comparer) [0x00051] in <705d087bf4254af9b48f07cfba1c906e>:0 
  at System.Linq.Enumerable.ToDictionary[TSource,TKey,TElement] (System.Collections.Generic.IEnumerable`1[T] source, System.Func`2[T,TResult] keySelector, System.Func`2[T,TResult] elementSelector) [0x00000] in <705d087bf4254af9b48f07cfba1c906e>:0 
  at UnityEditor.Scripting.ScriptCompilation.AssemblyGraphBuilder.Initialize (System.Collections.Generic.IReadOnlyCollection`1[T] assemblies, System.Collections.Generic.IReadOnlyCollection`1[T] customScriptAssemblyReferences) [0x00046] in /Users/bokken/build/output/unity/unity/Editor/Mono/Scripting/ScriptCompilation/AssemblyGraphBuilder.cs:85 
  at UnityEditor.Scripting.ScriptCompilation.AssemblyGraphBuilderFactory.GetOrCreate (System.String projectPath, System.Collections.Generic.IReadOnlyCollection`1[T] assemblies, System.Collections.Generic.IReadOnlyCollection`1[T] customScriptAssemblyReferences) [0x00038] in /Users/bokken/build/output/unity/unity/Editor/Mono/Scripting/ScriptCompilation/AssemblyGraphBuilderFactory.cs:54 
  at UnityEditor.Scripting.ScriptCompilation.EditorCompilation.GetAssemblyGraphBuilder () [0x00001] in /Users/bokken/build/output/unity/unity/Editor/Mono/Scripting/ScriptCompilation/EditorCompilation.cs:169 
  at UnityEditor.Scripting.ScriptCompilation.EditorCompilation.SetAllScripts (System.String[] allScripts) [0x0000d] in /Users/bokken/build/output/unity/unity/Editor/Mono/Scripting/ScriptCompilation/EditorCompilation.cs:177 
  at UnityEditor.Scripting.ScriptCompilation.EditorCompilationInterface.SetAllScripts (System.String[] allScripts) [0x00001] in /Users/bokken/build/output/unity/unity/Editor/Mono/Scripting/ScriptCompilation/EditorCompilationInterface.cs:79 

(Filename: /Users/bokken/build/output/unity/unity/Editor/Mono/Scripting/ScriptCompilation/AssemblyGraphBuilder.cs Line: 85)

Mono: successfully reloaded assembly
- Finished resetting the current domain, in  0.349 seconds
Domain Reload Profiling: 734ms
	BeginReloadAssembly (127ms)
		ExecutionOrderSort (0ms)
		DisableScriptedObjects (6ms)
		BackupInstance (0ms)
		ReleaseScriptingObjects (0ms)
		CreateAndSetChildDomain (57ms)
	RebuildCommonClasses (27ms)
	RebuildNativeTypeToScriptingClass (9ms)
	initialDomainReloadingComplete (12ms)
	LoadAllAssembliesAndSetupDomain (210ms)
		LoadAssemblies (151ms)
		RebuildTransferFunctionScriptingTraits (0ms)
		AnalyzeDomain (95ms)
			TypeCache.Refresh (6ms)
				TypeCache.ScanAssembly (0ms)
			BuildScriptInfoCaches (84ms)
			ResolveRequiredComponents (3ms)
	FinalizeReload (349ms)
		ReleaseScriptCaches (0ms)
		RebuildScriptCaches (0ms)
		SetupLoadedEditorAssemblies (276ms)
			LogAssemblyErrors (0ms)
			InitializePlatformSupportModulesInManaged (2ms)
			SetLoadedEditorAssemblies (2ms)
			BeforeProcessingInitializeOnLoad (46ms)
			ProcessInitializeOnLoadAttributes (212ms)
			ProcessInitializeOnLoadMethodAttributes (13ms)
			AfterProcessingInitializeOnLoad (1ms)
			EditorAssembliesLoaded (0ms)
		ExecutionOrderSort2 (0ms)
		AwakeInstancesAfterBackupRestoration (2ms)
Refreshing native plugins compatible for Editor in 0.26 ms, found 2 plugins.
Preloading 0 native plugins for Editor in 0.00 ms.
Unloading 0 Unused Serialized files (Serialized files now loaded: 0)
Unloading 3466 unused Assets / (481.5 KB). Loaded Objects now: 3975.
Memory consumption went from 163.1 MB to 162.6 MB.
Total: 4.678709 ms (FindLiveObjects: 0.195250 ms CreateObjectMapping: 0.065333 ms MarkObjects: 3.620500 ms  DeleteObjects: 0.797292 ms)

Prepare: number of updated asset objects reloaded= 0
========================================================================
Received Prepare
ArgumentException: An item with the same key has already been added. Key: 8c4dd21966739024fbd72155091d199e
  at System.Collections.Generic.Dictionary`2[TKey,TValue].TryInsert (TKey key, TValue value, System.Collections.Generic.InsertionBehavior behavior) [0x0015a] in <3aacbe608a2f468eb6bb1c15e219490d>:0 
  at System.Collections.Generic.Dictionary`2[TKey,TValue].Add (TKey key, TValue value) [0x00000] in <3aacbe608a2f468eb6bb1c15e219490d>:0 
  at System.Linq.Enumerable.ToDictionary[TSource,TKey,TElement] (TSource[] source, System.Func`2[T,TResult] keySelector, System.Func`2[T,TResult] elementSelector, System.Collections.Generic.IEqualityComparer`1[T] comparer) [0x00029] in <705d087bf4254af9b48f07cfba1c906e>:0 
  at System.Linq.Enumerable.ToDictionary[TSource,TKey,TElement] (System.Collections.Generic.IEnumerable`1[T] source, System.Func`2[T,TResult] keySelector, System.Func`2[T,TResult] elementSelector, System.Collections.Generic.IEqualityComparer`1[T] comparer) [0x00051] in <705d087bf4254af9b48f07cfba1c906e>:0 
  at System.Linq.Enumerable.ToDictionary[TSource,TKey,TElement] (System.Collections.Generic.IEnumerable`1[T] source, System.Func`2[T,TResult] keySelector, System.Func`2[T,TResult] elementSelector) [0x00000] in <705d087bf4254af9b48f07cfba1c906e>:0 
  at UnityEditor.Scripting.ScriptCompilation.AssemblyGraphBuilder.Initialize (System.Collections.Generic.IReadOnlyCollection`1[T] assemblies, System.Collections.Generic.IReadOnlyCollection`1[T] customScriptAssemblyReferences) [0x00046] in /Users/bokken/build/output/unity/unity/Editor/Mono/Scripting/ScriptCompilation/AssemblyGraphBuilder.cs:85 
  at UnityEditor.Scripting.ScriptCompilation.AssemblyGraphBuilderFactory.GetOrCreate (System.String projectPath, System.Collections.Generic.IReadOnlyCollection`1[T] assemblies, System.Collections.Generic.IReadOnlyCollection`1[T] customScriptAssemblyReferences) [0x00038] in /Users/bokken/build/output/unity/unity/Editor/Mono/Scripting/ScriptCompilation/AssemblyGraphBuilderFactory.cs:54 
  at UnityEditor.Scripting.ScriptCompilation.EditorCompilation.GetAssemblyGraphBuilder () [0x00001] in /Users/bokken/build/output/unity/unity/Editor/Mono/Scripting/ScriptCompilation/EditorCompilation.cs:169 
  at UnityEditor.Scripting.ScriptCompilation.EditorCompilation.SetAllScripts (System.String[] allScripts) [0x0000d] in /Users/bokken/build/output/unity/unity/Editor/Mono/Scripting/ScriptCompilation/EditorCompilation.cs:177 
  at UnityEditor.Scripting.ScriptCompilation.EditorCompilationInterface.SetAllScripts (System.String[] allScripts) [0x00001] in /Users/bokken/build/output/unity/unity/Editor/Mono/Scripting/ScriptCompilation/EditorCompilationInterface.cs:79 

(Filename: /Users/bokken/build/output/unity/unity/Editor/Mono/Scripting/ScriptCompilation/AssemblyGraphBuilder.cs Line: 85)

ArgumentException: An item with the same key has already been added. Key: 8c4dd21966739024fbd72155091d199e
  at System.Collections.Generic.Dictionary`2[TKey,TValue].TryInsert (TKey key, TValue value, System.Collections.Generic.InsertionBehavior behavior) [0x0015a] in <3aacbe608a2f468eb6bb1c15e219490d>:0 
  at System.Collections.Generic.Dictionary`2[TKey,TValue].Add (TKey key, TValue value) [0x00000] in <3aacbe608a2f468eb6bb1c15e219490d>:0 
  at System.Linq.Enumerable.ToDictionary[TSource,TKey,TElement] (TSource[] source, System.Func`2[T,TResult] keySelector, System.Func`2[T,TResult] elementSelector, System.Collections.Generic.IEqualityComparer`1[T] comparer) [0x00029] in <705d087bf4254af9b48f07cfba1c906e>:0 
  at System.Linq.Enumerable.ToDictionary[TSource,TKey,TElement] (System.Collections.Generic.IEnumerable`1[T] source, System.Func`2[T,TResult] keySelector, System.Func`2[T,TResult] elementSelector, System.Collections.Generic.IEqualityComparer`1[T] comparer) [0x00051] in <705d087bf4254af9b48f07cfba1c906e>:0 
  at System.Linq.Enumerable.ToDictionary[TSource,TKey,TElement] (System.Collections.Generic.IEnumerable`1[T] source, System.Func`2[T,TResult] keySelector, System.Func`2[T,TResult] elementSelector) [0x00000] in <705d087bf4254af9b48f07cfba1c906e>:0 
  at UnityEditor.Scripting.ScriptCompilation.AssemblyGraphBuilder.Initialize (System.Collections.Generic.IReadOnlyCollection`1[T] assemblies, System.Collections.Generic.IReadOnlyCollection`1[T] customScriptAssemblyReferences) [0x00046] in /Users/bokken/build/output/unity/unity/Editor/Mono/Scripting/ScriptCompilation/AssemblyGraphBuilder.cs:85 
  at UnityEditor.Scripting.ScriptCompilation.AssemblyGraphBuilderFactory.GetOrCreate (System.String projectPath, System.Collections.Generic.IReadOnlyCollection`1[T] assemblies, System.Collections.Generic.IReadOnlyCollection`1[T] customScriptAssemblyReferences) [0x00038] in /Users/bokken/build/output/unity/unity/Editor/Mono/Scripting/ScriptCompilation/AssemblyGraphBuilderFactory.cs:54 
  at UnityEditor.Scripting.ScriptCompilation.EditorCompilation.GetAssemblyGraphBuilder () [0x00001] in /Users/bokken/build/output/unity/unity/Editor/Mono/Scripting/ScriptCompilation/EditorCompilation.cs:169 
  at UnityEditor.Scripting.ScriptCompilation.EditorCompilation.SetAllScripts (System.String[] allScripts) [0x0000d] in /Users/bokken/build/output/unity/unity/Editor/Mono/Scripting/ScriptCompilation/EditorCompilation.cs:177 
  at UnityEditor.Scripting.ScriptCompilation.EditorCompilationInterface.SetAllScripts (System.String[] allScripts) [0x00001] in /Users/bokken/build/output/unity/unity/Editor/Mono/Scripting/ScriptCompilation/EditorCompilationInterface.cs:79 

(Filename: /Users/bokken/build/output/unity/unity/Editor/Mono/Scripting/ScriptCompilation/AssemblyGraphBuilder.cs Line: 85)

Begin MonoManager ReloadAssembly
Thread 0x16bb23000 may have been prematurely finalized
- Loaded All Assemblies, in  0.369 seconds
ArgumentException: An item with the same key has already been added. Key: 8c4dd21966739024fbd72155091d199e
  at System.Collections.Generic.Dictionary`2[TKey,TValue].TryInsert (TKey key, TValue value, System.Collections.Generic.InsertionBehavior behavior) [0x0015a] in <3aacbe608a2f468eb6bb1c15e219490d>:0 
  at System.Collections.Generic.Dictionary`2[TKey,TValue].Add (TKey key, TValue value) [0x00000] in <3aacbe608a2f468eb6bb1c15e219490d>:0 
  at System.Linq.Enumerable.ToDictionary[TSource,TKey,TElement] (TSource[] source, System.Func`2[T,TResult] keySelector, System.Func`2[T,TResult] elementSelector, System.Collections.Generic.IEqualityComparer`1[T] comparer) [0x00029] in <705d087bf4254af9b48f07cfba1c906e>:0 
  at System.Linq.Enumerable.ToDictionary[TSource,TKey,TElement] (System.Collections.Generic.IEnumerable`1[T] source, System.Func`2[T,TResult] keySelector, System.Func`2[T,TResult] elementSelector, System.Collections.Generic.IEqualityComparer`1[T] comparer) [0x00051] in <705d087bf4254af9b48f07cfba1c906e>:0 
  at System.Linq.Enumerable.ToDictionary[TSource,TKey,TElement] (System.Collections.Generic.IEnumerable`1[T] source, System.Func`2[T,TResult] keySelector, System.Func`2[T,TResult] elementSelector) [0x00000] in <705d087bf4254af9b48f07cfba1c906e>:0 
  at UnityEditor.Scripting.ScriptCompilation.AssemblyGraphBuilder.Initialize (System.Collections.Generic.IReadOnlyCollection`1[T] assemblies, System.Collections.Generic.IReadOnlyCollection`1[T] customScriptAssemblyReferences) [0x00046] in /Users/bokken/build/output/unity/unity/Editor/Mono/Scripting/ScriptCompilation/AssemblyGraphBuilder.cs:85 
  at UnityEditor.Scripting.ScriptCompilation.AssemblyGraphBuilderFactory.GetOrCreate (System.String projectPath, System.Collections.Generic.IReadOnlyCollection`1[T] assemblies, System.Collections.Generic.IReadOnlyCollection`1[T] customScriptAssemblyReferences) [0x00038] in /Users/bokken/build/output/unity/unity/Editor/Mono/Scripting/ScriptCompilation/AssemblyGraphBuilderFactory.cs:54 
  at UnityEditor.Scripting.ScriptCompilation.EditorCompilation.GetAssemblyGraphBuilder () [0x00001] in /Users/bokken/build/output/unity/unity/Editor/Mono/Scripting/ScriptCompilation/EditorCompilation.cs:169 
  at UnityEditor.Scripting.ScriptCompilation.EditorCompilation.SetAllScripts (System.String[] allScripts) [0x0000d] in /Users/bokken/build/output/unity/unity/Editor/Mono/Scripting/ScriptCompilation/EditorCompilation.cs:177 
  at UnityEditor.Scripting.ScriptCompilation.EditorCompilationInterface.SetAllScripts (System.String[] allScripts) [0x00001] in /Users/bokken/build/output/unity/unity/Editor/Mono/Scripting/ScriptCompilation/EditorCompilationInterface.cs:79 

(Filename: /Users/bokken/build/output/unity/unity/Editor/Mono/Scripting/ScriptCompilation/AssemblyGraphBuilder.cs Line: 85)

Refreshing native plugins compatible for Editor in 0.19 ms, found 2 plugins.
Native extension for OSXStandalone target not found
ArgumentException: An item with the same key has already been added. Key: 8c4dd21966739024fbd72155091d199e
  at System.Collections.Generic.Dictionary`2[TKey,TValue].TryInsert (TKey key, TValue value, System.Collections.Generic.InsertionBehavior behavior) [0x0015a] in <3aacbe608a2f468eb6bb1c15e219490d>:0 
  at System.Collections.Generic.Dictionary`2[TKey,TValue].Add (TKey key, TValue value) [0x00000] in <3aacbe608a2f468eb6bb1c15e219490d>:0 
  at System.Linq.Enumerable.ToDictionary[TSource,TKey,TElement] (TSource[] source, System.Func`2[T,TResult] keySelector, System.Func`2[T,TResult] elementSelector, System.Collections.Generic.IEqualityComparer`1[T] comparer) [0x00029] in <705d087bf4254af9b48f07cfba1c906e>:0 
  at System.Linq.Enumerable.ToDictionary[TSource,TKey,TElement] (System.Collections.Generic.IEnumerable`1[T] source, System.Func`2[T,TResult] keySelector, System.Func`2[T,TResult] elementSelector, System.Collections.Generic.IEqualityComparer`1[T] comparer) [0x00051] in <705d087bf4254af9b48f07cfba1c906e>:0 
  at System.Linq.Enumerable.ToDictionary[TSource,TKey,TElement] (System.Collections.Generic.IEnumerable`1[T] source, System.Func`2[T,TResult] keySelector, System.Func`2[T,TResult] elementSelector) [0x00000] in <705d087bf4254af9b48f07cfba1c906e>:0 
  at UnityEditor.Scripting.ScriptCompilation.AssemblyGraphBuilder.Initialize (System.Collections.Generic.IReadOnlyCollection`1[T] assemblies, System.Collections.Generic.IReadOnlyCollection`1[T] customScriptAssemblyReferences) [0x00046] in /Users/bokken/build/output/unity/unity/Editor/Mono/Scripting/ScriptCompilation/AssemblyGraphBuilder.cs:85 
  at UnityEditor.Scripting.ScriptCompilation.AssemblyGraphBuilderFactory.GetOrCreate (System.String projectPath, System.Collections.Generic.IReadOnlyCollection`1[T] assemblies, System.Collections.Generic.IReadOnlyCollection`1[T] customScriptAssemblyReferences) [0x00038] in /Users/bokken/build/output/unity/unity/Editor/Mono/Scripting/ScriptCompilation/AssemblyGraphBuilderFactory.cs:54 
  at UnityEditor.Scripting.ScriptCompilation.EditorCompilation.GetAssemblyGraphBuilder () [0x00001] in /Users/bokken/build/output/unity/unity/Editor/Mono/Scripting/ScriptCompilation/EditorCompilation.cs:169 
  at UnityEditor.Scripting.ScriptCompilation.EditorCompilation.SetAllScripts (System.String[] allScripts) [0x0000d] in /Users/bokken/build/output/unity/unity/Editor/Mono/Scripting/ScriptCompilation/EditorCompilation.cs:177 
  at UnityEditor.Scripting.ScriptCompilation.EditorCompilationInterface.SetAllScripts (System.String[] allScripts) [0x00001] in /Users/bokken/build/output/unity/unity/Editor/Mono/Scripting/ScriptCompilation/EditorCompilationInterface.cs:79 

(Filename: /Users/bokken/build/output/unity/unity/Editor/Mono/Scripting/ScriptCompilation/AssemblyGraphBuilder.cs Line: 85)

Mono: successfully reloaded assembly
- Finished resetting the current domain, in  0.329 seconds
Domain Reload Profiling: 700ms
	BeginReloadAssembly (114ms)
		ExecutionOrderSort (0ms)
		DisableScriptedObjects (6ms)
		BackupInstance (0ms)
		ReleaseScriptingObjects (0ms)
		CreateAndSetChildDomain (42ms)
	RebuildCommonClasses (25ms)
	RebuildNativeTypeToScriptingClass (10ms)
	initialDomainReloadingComplete (15ms)
	LoadAllAssembliesAndSetupDomain (206ms)
		LoadAssemblies (148ms)
		RebuildTransferFunctionScriptingTraits (0ms)
		AnalyzeDomain (97ms)
			TypeCache.Refresh (6ms)
				TypeCache.ScanAssembly (0ms)
			BuildScriptInfoCaches (86ms)
			ResolveRequiredComponents (3ms)
	FinalizeReload (330ms)
		ReleaseScriptCaches (0ms)
		RebuildScriptCaches (0ms)
		SetupLoadedEditorAssemblies (259ms)
			LogAssemblyErrors (0ms)
			InitializePlatformSupportModulesInManaged (2ms)
			SetLoadedEditorAssemblies (2ms)
			BeforeProcessingInitializeOnLoad (43ms)
			ProcessInitializeOnLoadAttributes (199ms)
			ProcessInitializeOnLoadMethodAttributes (13ms)
			AfterProcessingInitializeOnLoad (1ms)
			EditorAssembliesLoaded (0ms)
		ExecutionOrderSort2 (0ms)
		AwakeInstancesAfterBackupRestoration (2ms)
Refreshing native plugins compatible for Editor in 0.25 ms, found 2 plugins.
Preloading 0 native plugins for Editor in 0.00 ms.
Unloading 0 Unused Serialized files (Serialized files now loaded: 0)
Unloading 3466 unused Assets / (0.8 MB). Loaded Objects now: 3975.
Memory consumption went from 170.4 MB to 169.6 MB.
Total: 4.222375 ms (FindLiveObjects: 0.222375 ms CreateObjectMapping: 0.206000 ms MarkObjects: 3.295417 ms  DeleteObjects: 0.497792 ms)

Prepare: number of updated asset objects reloaded= 0
========================================================================
Received Prepare
ArgumentException: An item with the same key has already been added. Key: 8c4dd21966739024fbd72155091d199e
  at System.Collections.Generic.Dictionary`2[TKey,TValue].TryInsert (TKey key, TValue value, System.Collections.Generic.InsertionBehavior behavior) [0x0015a] in <3aacbe608a2f468eb6bb1c15e219490d>:0 
  at System.Collections.Generic.Dictionary`2[TKey,TValue].Add (TKey key, TValue value) [0x00000] in <3aacbe608a2f468eb6bb1c15e219490d>:0 
  at System.Linq.Enumerable.ToDictionary[TSource,TKey,TElement] (TSource[] source, System.Func`2[T,TResult] keySelector, System.Func`2[T,TResult] elementSelector, System.Collections.Generic.IEqualityComparer`1[T] comparer) [0x00029] in <705d087bf4254af9b48f07cfba1c906e>:0 
  at System.Linq.Enumerable.ToDictionary[TSource,TKey,TElement] (System.Collections.Generic.IEnumerable`1[T] source, System.Func`2[T,TResult] keySelector, System.Func`2[T,TResult] elementSelector, System.Collections.Generic.IEqualityComparer`1[T] comparer) [0x00051] in <705d087bf4254af9b48f07cfba1c906e>:0 
  at System.Linq.Enumerable.ToDictionary[TSource,TKey,TElement] (System.Collections.Generic.IEnumerable`1[T] source, System.Func`2[T,TResult] keySelector, System.Func`2[T,TResult] elementSelector) [0x00000] in <705d087bf4254af9b48f07cfba1c906e>:0 
  at UnityEditor.Scripting.ScriptCompilation.AssemblyGraphBuilder.Initialize (System.Collections.Generic.IReadOnlyCollection`1[T] assemblies, System.Collections.Generic.IReadOnlyCollection`1[T] customScriptAssemblyReferences) [0x00046] in /Users/bokken/build/output/unity/unity/Editor/Mono/Scripting/ScriptCompilation/AssemblyGraphBuilder.cs:85 
  at UnityEditor.Scripting.ScriptCompilation.AssemblyGraphBuilderFactory.GetOrCreate (System.String projectPath, System.Collections.Generic.IReadOnlyCollection`1[T] assemblies, System.Collections.Generic.IReadOnlyCollection`1[T] customScriptAssemblyReferences) [0x00038] in /Users/bokken/build/output/unity/unity/Editor/Mono/Scripting/ScriptCompilation/AssemblyGraphBuilderFactory.cs:54 
  at UnityEditor.Scripting.ScriptCompilation.EditorCompilation.GetAssemblyGraphBuilder () [0x00001] in /Users/bokken/build/output/unity/unity/Editor/Mono/Scripting/ScriptCompilation/EditorCompilation.cs:169 
  at UnityEditor.Scripting.ScriptCompilation.EditorCompilation.SetAllScripts (System.String[] allScripts) [0x0000d] in /Users/bokken/build/output/unity/unity/Editor/Mono/Scripting/ScriptCompilation/EditorCompilation.cs:177 
  at UnityEditor.Scripting.ScriptCompilation.EditorCompilationInterface.SetAllScripts (System.String[] allScripts) [0x00001] in /Users/bokken/build/output/unity/unity/Editor/Mono/Scripting/ScriptCompilation/EditorCompilationInterface.cs:79 

(Filename: /Users/bokken/build/output/unity/unity/Editor/Mono/Scripting/ScriptCompilation/AssemblyGraphBuilder.cs Line: 85)

ArgumentException: An item with the same key has already been added. Key: 8c4dd21966739024fbd72155091d199e
  at System.Collections.Generic.Dictionary`2[TKey,TValue].TryInsert (TKey key, TValue value, System.Collections.Generic.InsertionBehavior behavior) [0x0015a] in <3aacbe608a2f468eb6bb1c15e219490d>:0 
  at System.Collections.Generic.Dictionary`2[TKey,TValue].Add (TKey key, TValue value) [0x00000] in <3aacbe608a2f468eb6bb1c15e219490d>:0 
  at System.Linq.Enumerable.ToDictionary[TSource,TKey,TElement] (TSource[] source, System.Func`2[T,TResult] keySelector, System.Func`2[T,TResult] elementSelector, System.Collections.Generic.IEqualityComparer`1[T] comparer) [0x00029] in <705d087bf4254af9b48f07cfba1c906e>:0 
  at System.Linq.Enumerable.ToDictionary[TSource,TKey,TElement] (System.Collections.Generic.IEnumerable`1[T] source, System.Func`2[T,TResult] keySelector, System.Func`2[T,TResult] elementSelector, System.Collections.Generic.IEqualityComparer`1[T] comparer) [0x00051] in <705d087bf4254af9b48f07cfba1c906e>:0 
  at System.Linq.Enumerable.ToDictionary[TSource,TKey,TElement] (System.Collections.Generic.IEnumerable`1[T] source, System.Func`2[T,TResult] keySelector, System.Func`2[T,TResult] elementSelector) [0x00000] in <705d087bf4254af9b48f07cfba1c906e>:0 
  at UnityEditor.Scripting.ScriptCompilation.AssemblyGraphBuilder.Initialize (System.Collections.Generic.IReadOnlyCollection`1[T] assemblies, System.Collections.Generic.IReadOnlyCollection`1[T] customScriptAssemblyReferences) [0x00046] in /Users/bokken/build/output/unity/unity/Editor/Mono/Scripting/ScriptCompilation/AssemblyGraphBuilder.cs:85 
  at UnityEditor.Scripting.ScriptCompilation.AssemblyGraphBuilderFactory.GetOrCreate (System.String projectPath, System.Collections.Generic.IReadOnlyCollection`1[T] assemblies, System.Collections.Generic.IReadOnlyCollection`1[T] customScriptAssemblyReferences) [0x00038] in /Users/bokken/build/output/unity/unity/Editor/Mono/Scripting/ScriptCompilation/AssemblyGraphBuilderFactory.cs:54 
  at UnityEditor.Scripting.ScriptCompilation.EditorCompilation.GetAssemblyGraphBuilder () [0x00001] in /Users/bokken/build/output/unity/unity/Editor/Mono/Scripting/ScriptCompilation/EditorCompilation.cs:169 
  at UnityEditor.Scripting.ScriptCompilation.EditorCompilation.SetAllScripts (System.String[] allScripts) [0x0000d] in /Users/bokken/build/output/unity/unity/Editor/Mono/Scripting/ScriptCompilation/EditorCompilation.cs:177 
  at UnityEditor.Scripting.ScriptCompilation.EditorCompilationInterface.SetAllScripts (System.String[] allScripts) [0x00001] in /Users/bokken/build/output/unity/unity/Editor/Mono/Scripting/ScriptCompilation/EditorCompilationInterface.cs:79 

(Filename: /Users/bokken/build/output/unity/unity/Editor/Mono/Scripting/ScriptCompilation/AssemblyGraphBuilder.cs Line: 85)

Begin MonoManager ReloadAssembly
Thread 0x16bb23000 may have been prematurely finalized
- Loaded All Assemblies, in  0.388 seconds
ArgumentException: An item with the same key has already been added. Key: 8c4dd21966739024fbd72155091d199e
  at System.Collections.Generic.Dictionary`2[TKey,TValue].TryInsert (TKey key, TValue value, System.Collections.Generic.InsertionBehavior behavior) [0x0015a] in <3aacbe608a2f468eb6bb1c15e219490d>:0 
  at System.Collections.Generic.Dictionary`2[TKey,TValue].Add (TKey key, TValue value) [0x00000] in <3aacbe608a2f468eb6bb1c15e219490d>:0 
  at System.Linq.Enumerable.ToDictionary[TSource,TKey,TElement] (TSource[] source, System.Func`2[T,TResult] keySelector, System.Func`2[T,TResult] elementSelector, System.Collections.Generic.IEqualityComparer`1[T] comparer) [0x00029] in <705d087bf4254af9b48f07cfba1c906e>:0 
  at System.Linq.Enumerable.ToDictionary[TSource,TKey,TElement] (System.Collections.Generic.IEnumerable`1[T] source, System.Func`2[T,TResult] keySelector, System.Func`2[T,TResult] elementSelector, System.Collections.Generic.IEqualityComparer`1[T] comparer) [0x00051] in <705d087bf4254af9b48f07cfba1c906e>:0 
  at System.Linq.Enumerable.ToDictionary[TSource,TKey,TElement] (System.Collections.Generic.IEnumerable`1[T] source, System.Func`2[T,TResult] keySelector, System.Func`2[T,TResult] elementSelector) [0x00000] in <705d087bf4254af9b48f07cfba1c906e>:0 
  at UnityEditor.Scripting.ScriptCompilation.AssemblyGraphBuilder.Initialize (System.Collections.Generic.IReadOnlyCollection`1[T] assemblies, System.Collections.Generic.IReadOnlyCollection`1[T] customScriptAssemblyReferences) [0x00046] in /Users/bokken/build/output/unity/unity/Editor/Mono/Scripting/ScriptCompilation/AssemblyGraphBuilder.cs:85 
  at UnityEditor.Scripting.ScriptCompilation.AssemblyGraphBuilderFactory.GetOrCreate (System.String projectPath, System.Collections.Generic.IReadOnlyCollection`1[T] assemblies, System.Collections.Generic.IReadOnlyCollection`1[T] customScriptAssemblyReferences) [0x00038] in /Users/bokken/build/output/unity/unity/Editor/Mono/Scripting/ScriptCompilation/AssemblyGraphBuilderFactory.cs:54 
  at UnityEditor.Scripting.ScriptCompilation.EditorCompilation.GetAssemblyGraphBuilder () [0x00001] in /Users/bokken/build/output/unity/unity/Editor/Mono/Scripting/ScriptCompilation/EditorCompilation.cs:169 
  at UnityEditor.Scripting.ScriptCompilation.EditorCompilation.SetAllScripts (System.String[] allScripts) [0x0000d] in /Users/bokken/build/output/unity/unity/Editor/Mono/Scripting/ScriptCompilation/EditorCompilation.cs:177 
  at UnityEditor.Scripting.ScriptCompilation.EditorCompilationInterface.SetAllScripts (System.String[] allScripts) [0x00001] in /Users/bokken/build/output/unity/unity/Editor/Mono/Scripting/ScriptCompilation/EditorCompilationInterface.cs:79 

(Filename: /Users/bokken/build/output/unity/unity/Editor/Mono/Scripting/ScriptCompilation/AssemblyGraphBuilder.cs Line: 85)

Refreshing native plugins compatible for Editor in 0.20 ms, found 2 plugins.
Native extension for OSXStandalone target not found
ArgumentException: An item with the same key has already been added. Key: 8c4dd21966739024fbd72155091d199e
  at System.Collections.Generic.Dictionary`2[TKey,TValue].TryInsert (TKey key, TValue value, System.Collections.Generic.InsertionBehavior behavior) [0x0015a] in <3aacbe608a2f468eb6bb1c15e219490d>:0 
  at System.Collections.Generic.Dictionary`2[TKey,TValue].Add (TKey key, TValue value) [0x00000] in <3aacbe608a2f468eb6bb1c15e219490d>:0 
  at System.Linq.Enumerable.ToDictionary[TSource,TKey,TElement] (TSource[] source, System.Func`2[T,TResult] keySelector, System.Func`2[T,TResult] elementSelector, System.Collections.Generic.IEqualityComparer`1[T] comparer) [0x00029] in <705d087bf4254af9b48f07cfba1c906e>:0 
  at System.Linq.Enumerable.ToDictionary[TSource,TKey,TElement] (System.Collections.Generic.IEnumerable`1[T] source, System.Func`2[T,TResult] keySelector, System.Func`2[T,TResult] elementSelector, System.Collections.Generic.IEqualityComparer`1[T] comparer) [0x00051] in <705d087bf4254af9b48f07cfba1c906e>:0 
  at System.Linq.Enumerable.ToDictionary[TSource,TKey,TElement] (System.Collections.Generic.IEnumerable`1[T] source, System.Func`2[T,TResult] keySelector, System.Func`2[T,TResult] elementSelector) [0x00000] in <705d087bf4254af9b48f07cfba1c906e>:0 
  at UnityEditor.Scripting.ScriptCompilation.AssemblyGraphBuilder.Initialize (System.Collections.Generic.IReadOnlyCollection`1[T] assemblies, System.Collections.Generic.IReadOnlyCollection`1[T] customScriptAssemblyReferences) [0x00046] in /Users/bokken/build/output/unity/unity/Editor/Mono/Scripting/ScriptCompilation/AssemblyGraphBuilder.cs:85 
  at UnityEditor.Scripting.ScriptCompilation.AssemblyGraphBuilderFactory.GetOrCreate (System.String projectPath, System.Collections.Generic.IReadOnlyCollection`1[T] assemblies, System.Collections.Generic.IReadOnlyCollection`1[T] customScriptAssemblyReferences) [0x00038] in /Users/bokken/build/output/unity/unity/Editor/Mono/Scripting/ScriptCompilation/AssemblyGraphBuilderFactory.cs:54 
  at UnityEditor.Scripting.ScriptCompilation.EditorCompilation.GetAssemblyGraphBuilder () [0x00001] in /Users/bokken/build/output/unity/unity/Editor/Mono/Scripting/ScriptCompilation/EditorCompilation.cs:169 
  at UnityEditor.Scripting.ScriptCompilation.EditorCompilation.SetAllScripts (System.String[] allScripts) [0x0000d] in /Users/bokken/build/output/unity/unity/Editor/Mono/Scripting/ScriptCompilation/EditorCompilation.cs:177 
  at UnityEditor.Scripting.ScriptCompilation.EditorCompilationInterface.SetAllScripts (System.String[] allScripts) [0x00001] in /Users/bokken/build/output/unity/unity/Editor/Mono/Scripting/ScriptCompilation/EditorCompilationInterface.cs:79 

(Filename: /Users/bokken/build/output/unity/unity/Editor/Mono/Scripting/ScriptCompilation/AssemblyGraphBuilder.cs Line: 85)

Mono: successfully reloaded assembly
- Finished resetting the current domain, in  0.332 seconds
Domain Reload Profiling: 721ms
	BeginReloadAssembly (116ms)
		ExecutionOrderSort (0ms)
		DisableScriptedObjects (6ms)
		BackupInstance (0ms)
		ReleaseScriptingObjects (0ms)
		CreateAndSetChildDomain (47ms)
	RebuildCommonClasses (25ms)
	RebuildNativeTypeToScriptingClass (9ms)
	initialDomainReloadingComplete (16ms)
	LoadAllAssembliesAndSetupDomain (224ms)
		LoadAssemblies (165ms)
		RebuildTransferFunctionScriptingTraits (0ms)
		AnalyzeDomain (93ms)
			TypeCache.Refresh (7ms)
				TypeCache.ScanAssembly (0ms)
			BuildScriptInfoCaches (81ms)
			ResolveRequiredComponents (3ms)
	FinalizeReload (332ms)
		ReleaseScriptCaches (0ms)
		RebuildScriptCaches (0ms)
		SetupLoadedEditorAssemblies (265ms)
			LogAssemblyErrors (0ms)
			InitializePlatformSupportModulesInManaged (2ms)
			SetLoadedEditorAssemblies (2ms)
			BeforeProcessingInitializeOnLoad (42ms)
			ProcessInitializeOnLoadAttributes (205ms)
			ProcessInitializeOnLoadMethodAttributes (14ms)
			AfterProcessingInitializeOnLoad (1ms)
			EditorAssembliesLoaded (0ms)
		ExecutionOrderSort2 (0ms)
		AwakeInstancesAfterBackupRestoration (2ms)
Refreshing native plugins compatible for Editor in 0.20 ms, found 2 plugins.
Preloading 0 native plugins for Editor in 0.00 ms.
Unloading 0 Unused Serialized files (Serialized files now loaded: 0)
Unloading 3466 unused Assets / (0.7 MB). Loaded Objects now: 3975.
Memory consumption went from 177.7 MB to 177.0 MB.
Total: 6.632167 ms (FindLiveObjects: 0.471333 ms CreateObjectMapping: 0.364875 ms MarkObjects: 5.292708 ms  DeleteObjects: 0.502458 ms)

Prepare: number of updated asset objects reloaded= 0
========================================================================
Received Prepare
ArgumentException: An item with the same key has already been added. Key: 8c4dd21966739024fbd72155091d199e
  at System.Collections.Generic.Dictionary`2[TKey,TValue].TryInsert (TKey key, TValue value, System.Collections.Generic.InsertionBehavior behavior) [0x0015a] in <3aacbe608a2f468eb6bb1c15e219490d>:0 
  at System.Collections.Generic.Dictionary`2[TKey,TValue].Add (TKey key, TValue value) [0x00000] in <3aacbe608a2f468eb6bb1c15e219490d>:0 
  at System.Linq.Enumerable.ToDictionary[TSource,TKey,TElement] (TSource[] source, System.Func`2[T,TResult] keySelector, System.Func`2[T,TResult] elementSelector, System.Collections.Generic.IEqualityComparer`1[T] comparer) [0x00029] in <705d087bf4254af9b48f07cfba1c906e>:0 
  at System.Linq.Enumerable.ToDictionary[TSource,TKey,TElement] (System.Collections.Generic.IEnumerable`1[T] source, System.Func`2[T,TResult] keySelector, System.Func`2[T,TResult] elementSelector, System.Collections.Generic.IEqualityComparer`1[T] comparer) [0x00051] in <705d087bf4254af9b48f07cfba1c906e>:0 
  at System.Linq.Enumerable.ToDictionary[TSource,TKey,TElement] (System.Collections.Generic.IEnumerable`1[T] source, System.Func`2[T,TResult] keySelector, System.Func`2[T,TResult] elementSelector) [0x00000] in <705d087bf4254af9b48f07cfba1c906e>:0 
  at UnityEditor.Scripting.ScriptCompilation.AssemblyGraphBuilder.Initialize (System.Collections.Generic.IReadOnlyCollection`1[T] assemblies, System.Collections.Generic.IReadOnlyCollection`1[T] customScriptAssemblyReferences) [0x00046] in /Users/bokken/build/output/unity/unity/Editor/Mono/Scripting/ScriptCompilation/AssemblyGraphBuilder.cs:85 
  at UnityEditor.Scripting.ScriptCompilation.AssemblyGraphBuilderFactory.GetOrCreate (System.String projectPath, System.Collections.Generic.IReadOnlyCollection`1[T] assemblies, System.Collections.Generic.IReadOnlyCollection`1[T] customScriptAssemblyReferences) [0x00038] in /Users/bokken/build/output/unity/unity/Editor/Mono/Scripting/ScriptCompilation/AssemblyGraphBuilderFactory.cs:54 
  at UnityEditor.Scripting.ScriptCompilation.EditorCompilation.GetAssemblyGraphBuilder () [0x00001] in /Users/bokken/build/output/unity/unity/Editor/Mono/Scripting/ScriptCompilation/EditorCompilation.cs:169 
  at UnityEditor.Scripting.ScriptCompilation.EditorCompilation.SetAllScripts (System.String[] allScripts) [0x0000d] in /Users/bokken/build/output/unity/unity/Editor/Mono/Scripting/ScriptCompilation/EditorCompilation.cs:177 
  at UnityEditor.Scripting.ScriptCompilation.EditorCompilationInterface.SetAllScripts (System.String[] allScripts) [0x00001] in /Users/bokken/build/output/unity/unity/Editor/Mono/Scripting/ScriptCompilation/EditorCompilationInterface.cs:79 

(Filename: /Users/bokken/build/output/unity/unity/Editor/Mono/Scripting/ScriptCompilation/AssemblyGraphBuilder.cs Line: 85)

ArgumentException: An item with the same key has already been added. Key: 8c4dd21966739024fbd72155091d199e
  at System.Collections.Generic.Dictionary`2[TKey,TValue].TryInsert (TKey key, TValue value, System.Collections.Generic.InsertionBehavior behavior) [0x0015a] in <3aacbe608a2f468eb6bb1c15e219490d>:0 
  at System.Collections.Generic.Dictionary`2[TKey,TValue].Add (TKey key, TValue value) [0x00000] in <3aacbe608a2f468eb6bb1c15e219490d>:0 
  at System.Linq.Enumerable.ToDictionary[TSource,TKey,TElement] (TSource[] source, System.Func`2[T,TResult] keySelector, System.Func`2[T,TResult] elementSelector, System.Collections.Generic.IEqualityComparer`1[T] comparer) [0x00029] in <705d087bf4254af9b48f07cfba1c906e>:0 
  at System.Linq.Enumerable.ToDictionary[TSource,TKey,TElement] (System.Collections.Generic.IEnumerable`1[T] source, System.Func`2[T,TResult] keySelector, System.Func`2[T,TResult] elementSelector, System.Collections.Generic.IEqualityComparer`1[T] comparer) [0x00051] in <705d087bf4254af9b48f07cfba1c906e>:0 
  at System.Linq.Enumerable.ToDictionary[TSource,TKey,TElement] (System.Collections.Generic.IEnumerable`1[T] source, System.Func`2[T,TResult] keySelector, System.Func`2[T,TResult] elementSelector) [0x00000] in <705d087bf4254af9b48f07cfba1c906e>:0 
  at UnityEditor.Scripting.ScriptCompilation.AssemblyGraphBuilder.Initialize (System.Collections.Generic.IReadOnlyCollection`1[T] assemblies, System.Collections.Generic.IReadOnlyCollection`1[T] customScriptAssemblyReferences) [0x00046] in /Users/bokken/build/output/unity/unity/Editor/Mono/Scripting/ScriptCompilation/AssemblyGraphBuilder.cs:85 
  at UnityEditor.Scripting.ScriptCompilation.AssemblyGraphBuilderFactory.GetOrCreate (System.String projectPath, System.Collections.Generic.IReadOnlyCollection`1[T] assemblies, System.Collections.Generic.IReadOnlyCollection`1[T] customScriptAssemblyReferences) [0x00038] in /Users/bokken/build/output/unity/unity/Editor/Mono/Scripting/ScriptCompilation/AssemblyGraphBuilderFactory.cs:54 
  at UnityEditor.Scripting.ScriptCompilation.EditorCompilation.GetAssemblyGraphBuilder () [0x00001] in /Users/bokken/build/output/unity/unity/Editor/Mono/Scripting/ScriptCompilation/EditorCompilation.cs:169 
  at UnityEditor.Scripting.ScriptCompilation.EditorCompilation.SetAllScripts (System.String[] allScripts) [0x0000d] in /Users/bokken/build/output/unity/unity/Editor/Mono/Scripting/ScriptCompilation/EditorCompilation.cs:177 
  at UnityEditor.Scripting.ScriptCompilation.EditorCompilationInterface.SetAllScripts (System.String[] allScripts) [0x00001] in /Users/bokken/build/output/unity/unity/Editor/Mono/Scripting/ScriptCompilation/EditorCompilationInterface.cs:79 

(Filename: /Users/bokken/build/output/unity/unity/Editor/Mono/Scripting/ScriptCompilation/AssemblyGraphBuilder.cs Line: 85)

Begin MonoManager ReloadAssembly
Thread 0x16bb23000 may have been prematurely finalized
- Loaded All Assemblies, in  0.460 seconds
ArgumentException: An item with the same key has already been added. Key: 8c4dd21966739024fbd72155091d199e
  at System.Collections.Generic.Dictionary`2[TKey,TValue].TryInsert (TKey key, TValue value, System.Collections.Generic.InsertionBehavior behavior) [0x0015a] in <3aacbe608a2f468eb6bb1c15e219490d>:0 
  at System.Collections.Generic.Dictionary`2[TKey,TValue].Add (TKey key, TValue value) [0x00000] in <3aacbe608a2f468eb6bb1c15e219490d>:0 
  at System.Linq.Enumerable.ToDictionary[TSource,TKey,TElement] (TSource[] source, System.Func`2[T,TResult] keySelector, System.Func`2[T,TResult] elementSelector, System.Collections.Generic.IEqualityComparer`1[T] comparer) [0x00029] in <705d087bf4254af9b48f07cfba1c906e>:0 
  at System.Linq.Enumerable.ToDictionary[TSource,TKey,TElement] (System.Collections.Generic.IEnumerable`1[T] source, System.Func`2[T,TResult] keySelector, System.Func`2[T,TResult] elementSelector, System.Collections.Generic.IEqualityComparer`1[T] comparer) [0x00051] in <705d087bf4254af9b48f07cfba1c906e>:0 
  at System.Linq.Enumerable.ToDictionary[TSource,TKey,TElement] (System.Collections.Generic.IEnumerable`1[T] source, System.Func`2[T,TResult] keySelector, System.Func`2[T,TResult] elementSelector) [0x00000] in <705d087bf4254af9b48f07cfba1c906e>:0 
  at UnityEditor.Scripting.ScriptCompilation.AssemblyGraphBuilder.Initialize (System.Collections.Generic.IReadOnlyCollection`1[T] assemblies, System.Collections.Generic.IReadOnlyCollection`1[T] customScriptAssemblyReferences) [0x00046] in /Users/bokken/build/output/unity/unity/Editor/Mono/Scripting/ScriptCompilation/AssemblyGraphBuilder.cs:85 
  at UnityEditor.Scripting.ScriptCompilation.AssemblyGraphBuilderFactory.GetOrCreate (System.String projectPath, System.Collections.Generic.IReadOnlyCollection`1[T] assemblies, System.Collections.Generic.IReadOnlyCollection`1[T] customScriptAssemblyReferences) [0x00038] in /Users/bokken/build/output/unity/unity/Editor/Mono/Scripting/ScriptCompilation/AssemblyGraphBuilderFactory.cs:54 
  at UnityEditor.Scripting.ScriptCompilation.EditorCompilation.GetAssemblyGraphBuilder () [0x00001] in /Users/bokken/build/output/unity/unity/Editor/Mono/Scripting/ScriptCompilation/EditorCompilation.cs:169 
  at UnityEditor.Scripting.ScriptCompilation.EditorCompilation.SetAllScripts (System.String[] allScripts) [0x0000d] in /Users/bokken/build/output/unity/unity/Editor/Mono/Scripting/ScriptCompilation/EditorCompilation.cs:177 
  at UnityEditor.Scripting.ScriptCompilation.EditorCompilationInterface.SetAllScripts (System.String[] allScripts) [0x00001] in /Users/bokken/build/output/unity/unity/Editor/Mono/Scripting/ScriptCompilation/EditorCompilationInterface.cs:79 

(Filename: /Users/bokken/build/output/unity/unity/Editor/Mono/Scripting/ScriptCompilation/AssemblyGraphBuilder.cs Line: 85)

Refreshing native plugins compatible for Editor in 0.34 ms, found 2 plugins.
Native extension for OSXStandalone target not found
ArgumentException: An item with the same key has already been added. Key: 8c4dd21966739024fbd72155091d199e
  at System.Collections.Generic.Dictionary`2[TKey,TValue].TryInsert (TKey key, TValue value, System.Collections.Generic.InsertionBehavior behavior) [0x0015a] in <3aacbe608a2f468eb6bb1c15e219490d>:0 
  at System.Collections.Generic.Dictionary`2[TKey,TValue].Add (TKey key, TValue value) [0x00000] in <3aacbe608a2f468eb6bb1c15e219490d>:0 
  at System.Linq.Enumerable.ToDictionary[TSource,TKey,TElement] (TSource[] source, System.Func`2[T,TResult] keySelector, System.Func`2[T,TResult] elementSelector, System.Collections.Generic.IEqualityComparer`1[T] comparer) [0x00029] in <705d087bf4254af9b48f07cfba1c906e>:0 
  at System.Linq.Enumerable.ToDictionary[TSource,TKey,TElement] (System.Collections.Generic.IEnumerable`1[T] source, System.Func`2[T,TResult] keySelector, System.Func`2[T,TResult] elementSelector, System.Collections.Generic.IEqualityComparer`1[T] comparer) [0x00051] in <705d087bf4254af9b48f07cfba1c906e>:0 
  at System.Linq.Enumerable.ToDictionary[TSource,TKey,TElement] (System.Collections.Generic.IEnumerable`1[T] source, System.Func`2[T,TResult] keySelector, System.Func`2[T,TResult] elementSelector) [0x00000] in <705d087bf4254af9b48f07cfba1c906e>:0 
  at UnityEditor.Scripting.ScriptCompilation.AssemblyGraphBuilder.Initialize (System.Collections.Generic.IReadOnlyCollection`1[T] assemblies, System.Collections.Generic.IReadOnlyCollection`1[T] customScriptAssemblyReferences) [0x00046] in /Users/bokken/build/output/unity/unity/Editor/Mono/Scripting/ScriptCompilation/AssemblyGraphBuilder.cs:85 
  at UnityEditor.Scripting.ScriptCompilation.AssemblyGraphBuilderFactory.GetOrCreate (System.String projectPath, System.Collections.Generic.IReadOnlyCollection`1[T] assemblies, System.Collections.Generic.IReadOnlyCollection`1[T] customScriptAssemblyReferences) [0x00038] in /Users/bokken/build/output/unity/unity/Editor/Mono/Scripting/ScriptCompilation/AssemblyGraphBuilderFactory.cs:54 
  at UnityEditor.Scripting.ScriptCompilation.EditorCompilation.GetAssemblyGraphBuilder () [0x00001] in /Users/bokken/build/output/unity/unity/Editor/Mono/Scripting/ScriptCompilation/EditorCompilation.cs:169 
  at UnityEditor.Scripting.ScriptCompilation.EditorCompilation.SetAllScripts (System.String[] allScripts) [0x0000d] in /Users/bokken/build/output/unity/unity/Editor/Mono/Scripting/ScriptCompilation/EditorCompilation.cs:177 
  at UnityEditor.Scripting.ScriptCompilation.EditorCompilationInterface.SetAllScripts (System.String[] allScripts) [0x00001] in /Users/bokken/build/output/unity/unity/Editor/Mono/Scripting/ScriptCompilation/EditorCompilationInterface.cs:79 

(Filename: /Users/bokken/build/output/unity/unity/Editor/Mono/Scripting/ScriptCompilation/AssemblyGraphBuilder.cs Line: 85)

Mono: successfully reloaded assembly
- Finished resetting the current domain, in  0.389 seconds
Domain Reload Profiling: 851ms
	BeginReloadAssembly (169ms)
		ExecutionOrderSort (0ms)
		DisableScriptedObjects (6ms)
		BackupInstance (0ms)
		ReleaseScriptingObjects (0ms)
		CreateAndSetChildDomain (77ms)
	RebuildCommonClasses (27ms)
	RebuildNativeTypeToScriptingClass (8ms)
	initialDomainReloadingComplete (15ms)
	LoadAllAssembliesAndSetupDomain (242ms)
		LoadAssemblies (180ms)
		RebuildTransferFunctionScriptingTraits (0ms)
		AnalyzeDomain (119ms)
			TypeCache.Refresh (9ms)
				TypeCache.ScanAssembly (0ms)
			BuildScriptInfoCaches (102ms)
			ResolveRequiredComponents (4ms)
	FinalizeReload (390ms)
		ReleaseScriptCaches (0ms)
		RebuildScriptCaches (0ms)
		SetupLoadedEditorAssemblies (309ms)
			LogAssemblyErrors (0ms)
			InitializePlatformSupportModulesInManaged (2ms)
			SetLoadedEditorAssemblies (2ms)
			BeforeProcessingInitializeOnLoad (47ms)
			ProcessInitializeOnLoadAttributes (233ms)
			ProcessInitializeOnLoadMethodAttributes (24ms)
			AfterProcessingInitializeOnLoad (1ms)
			EditorAssembliesLoaded (0ms)
		ExecutionOrderSort2 (0ms)
		AwakeInstancesAfterBackupRestoration (3ms)
Refreshing native plugins compatible for Editor in 0.39 ms, found 2 plugins.
Preloading 0 native plugins for Editor in 0.00 ms.
Unloading 0 Unused Serialized files (Serialized files now loaded: 0)
Unloading 3466 unused Assets / (130.9 KB). Loaded Objects now: 3975.
Memory consumption went from 186.9 MB to 186.8 MB.
Total: 4.554000 ms (FindLiveObjects: 0.219458 ms CreateObjectMapping: 0.104875 ms MarkObjects: 3.774500 ms  DeleteObjects: 0.454458 ms)

Prepare: number of updated asset objects reloaded= 0
